insee,commune,dep,lon,lat,pt
62784,Saulty,62,2.525131142940911,50.21216150068761,
59604,Troisvilles,59,3.473242088894449,50.10227635808269,
59324,Jeumont,59,4.1040229166417195,50.29164131332955,
62321,Évin-Malmaison,62,3.0304425078582997,50.435117259480556,
59189,Eecke,59,2.597327454344016,50.77994639574083,
62421,Havrincourt,62,3.0727197567408826,50.10051111275864,
59651,Wavrechain-sous-Denain,59,3.422171669820133,50.333992999391945,
62145,Boiry-Notre-Dame,62,2.942925120175328,50.27425747288198,
59589,Thiant,59,3.4390254970620173,50.29805443385381,
62208,Canettemont,62,2.363351492544533,50.279608478660144,
59667,Zermezeele,59,2.458833823556639,50.831870719680836,
62596,Mouriez,62,1.9550873752439433,50.34725044504907,
62649,Pas-en-Artois,62,2.4910261425115117,50.15268071753864,
62504,Leulinghem,62,2.169779201607537,50.735055363377704,
59520,Rumilly-en-Cambrésis,59,3.228635801203975,50.13005953612306,
62095,Beaumetz-lès-Aire,62,2.219768436854226,50.5440503483165,
59329,Lambres-lez-Douai,59,3.0543365578083495,50.35434923752836,
62699,Recques-sur-Hem,62,2.0797350079396635,50.83561532085254,
62625,Noyelles-lès-Humières,62,2.1776927204678227,50.37544065818186,
59412,Montay,59,3.534172695709545,50.12188922595158,
59006,L'Orée de Mormal,59,3.7465832006153543,50.28363189918115,
62250,Courrières,62,2.9461233730116514,50.453477047653735,
62353,Frémicourt,62,2.903080734120767,50.112672907151506,
62129,Biefvillers-lès-Bapaume,62,2.8224495997912515,50.11793986487275,
59548,Saint-Waast,59,3.748607511804688,50.301201235429446,
62893,Wimereux,62,1.6145001050606753,50.780264546521046,
59499,Rexpoëde,59,2.5450048230297426,50.935574251880325,
62268,Desvres,62,1.8292346116568756,50.67467046252587,
62486,Lambres,62,2.403756658071188,50.617965797099885,
59097,Boursies,59,3.044368215763412,50.14106123875475,
62542,Maizières,62,2.4417764360975087,50.32178854465588,
62536,Magnicourt-en-Comte,62,2.4828790851551643,50.40365916256136,
62447,Hesdin-la-Forêt,62,2.030137896056917,50.38193854405585,
62777,Le Sars,62,2.7830606949522116,50.06680200782074,
59112,Bruay-sur-l'Escaut,59,3.538272051532573,50.396995882342466,
59246,Forest-en-Cambrésis,59,3.5702331359640755,50.14067912246253,
62035,Annezin,62,2.619833300564948,50.5402008549253,
59194,Englefontaine,59,3.6408869185084964,50.19302021053197,
59261,Glageon,59,4.064499019592867,50.050406402740016,
62160,Boulogne-sur-Mer,62,1.6060793407515306,50.72678944294953,
62355,Fresnes-lès-Montauban,62,2.9295746151430966,50.33635146007832,
59308,Hondeghem,59,2.5157711992541976,50.755097628488755,
62455,Hocquinghen,62,1.933795796165064,50.766354312192775,
59028,Auby,59,3.061311991834419,50.41419188957511,
62717,Roëllecourt,62,2.3887233798125065,50.36891217997099,
59175,Dimont,59,4.022591639065195,50.18312536478021,
62007,Acq,62,2.6550122116086414,50.34907901852037,
62290,Écurie,62,2.7673602496918517,50.33253068191198,
62168,Bourthes,62,1.9345478241741751,50.61289898199611,
59330,Landas,59,3.294447025116969,50.4725671597678,
62752,Saint-Josse,62,1.6638657381383324,50.48143592010158,
62512,Ligny-lès-Aire,62,2.3363086487253955,50.563322803375634,
62275,Douriez,62,1.882123937787585,50.33852154431614,
62481,Labroye,62,1.9851364532452063,50.293899750177594,
59094,Bourbourg,59,2.2035647956277207,50.94253055370813,
62664,Pommier,62,2.5957922184211006,50.18100843622065,
59333,Larouillies,59,3.9320724629372807,50.03794735162211,
62855,Villers-au-Flos,62,2.905859160879204,50.079292142889926,
59291,Hautmont,59,3.9191787340196123,50.24774345616694,
62561,Martinpuich,62,2.7688929454876754,50.0510080787405,
59325,Jolimetz,59,3.677449434356532,50.22929276849906,
62876,Warlencourt-Eaucourt,62,2.791384055902959,50.08165595124037,
62357,Fresnoy,62,2.138142798638156,50.373793953520696,
62906,Zutkerque,62,2.0596832860429357,50.85325203287376,
59050,Bas-Lieu,59,3.9514614284195666,50.14464318435294,
59390,Masny,59,3.1954762399475714,50.34101696551357,
62720,Rombly,62,2.3905516194135954,50.59490388654402,
59384,Maroilles,59,3.758059522523234,50.132273346435774,
59183,Dunkerque,59,2.3369085858309417,51.03024268502668,
62040,Arques,62,2.3197724935045074,50.740876721855784,
62328,Ferfay,62,2.431014934505135,50.52149569259273,
59439,Noyelles-sur-Sambre,59,3.7952574353540904,50.16169761897739,
59255,Fressies,59,3.1883137394646788,50.2491333684296,
62146,Boiry-Saint-Martin,62,2.7592558779048457,50.19250117467101,
62551,Marenla,62,1.8743825532058564,50.45228645562213,
59313,Hordain,59,3.325811280155648,50.25951768598193,
62342,Fontaine-lès-Boulans,62,2.284110135321957,50.4987016221494,
62658,Pittefaux,62,1.6865597244584807,50.76243366695363,
62667,Le Portel,62,1.5755337451732712,50.71128888650905,
59493,Ramousies,59,4.033319358686707,50.11601432786355,
59272,Grand-Fort-Philippe,59,2.105929406400482,50.997358333224824,
62882,Wavrans-sur-l'Aa,62,2.1386310910386492,50.675052977873946,
62205,Campagne-lès-Wardrecques,62,2.3328279751433687,50.71359544800948,
62193,Calais,62,1.874434401287422,50.9524038435533,
62096,Beaumetz-lès-Cambrai,62,2.9870101418812287,50.12572283171282,
62017,Aix-en-Ergny,62,1.9997469799813876,50.58649371342123,
62479,Labeuvrière,62,2.5713268473127546,50.521275918871325,
62221,Chelers,62,2.487581341147731,50.38164149116831,
62811,Thérouanne,62,2.250532547804114,50.62921330481099,
62586,Montenescourt,62,2.62877919724374,50.2929188248071,
59207,Escautpont,59,3.553447422763404,50.42401303635383,
62296,Enquin-sur-Baillons,62,1.8468509910649642,50.57096232848464,
62732,Sachin,62,2.36683012079358,50.49235347897562,
62120,Beugin,62,2.5086403611219468,50.4425062564374,
62143,Boffles,62,2.1997018129344847,50.25682773108187,
62293,Embry,62,1.9573972921436438,50.496366404856964,
62853,Vieil-Moutier,62,1.9110914728641786,50.663211263484044,
59260,Ghyvelde,59,2.5312568433485843,51.03543649573598,
62619,Noreuil,62,2.939686915145492,50.170591311911735,
62645,Oye-Plage,62,2.039841391194528,50.98200729502986,
62704,Renty,62,2.068989320602914,50.579684531762055,
59211,Esquerchin,59,3.0073695581713635,50.38546758184581,
59338,Ledringhem,59,2.445262863275551,50.86175961701858,
62283,Écoivres,62,2.285719857854986,50.32406816756505,
59455,Paillencourt,59,3.2631519389784756,50.24877606442051,
62806,Tardinghen,62,1.64330520998137,50.86518668887244,
59583,Taisnières-en-Thiérache,59,3.811914381945227,50.145721997721346,
62225,Clairmarais,62,2.3427387406562072,50.76912392711715,
62245,Coulomby,62,2.0003289062995133,50.70916400796344,
62396,Guinecourt,62,2.2280262605214793,50.34733345504243,
59306,Hestrud,59,4.139722226457205,50.203121903771596,
62374,Gomiécourt,62,2.799361410091538,50.14913278970586,
59142,Cerfontaine,59,4.024521474213146,50.25931654597711,
62747,Saint-Floris,62,2.579155583765371,50.62480512488053,
62553,Marest,62,2.4191124912955955,50.46706580932822,
62712,Rivière,62,2.6864917431141406,50.23191919204422,
62524,Longfossé,62,1.8080278604275934,50.654804948796354,
62135,Blairville,62,2.714329610782542,50.218689874392865,
62513,Ligny-sur-Canche,62,2.2606549540771264,50.28380582829438,
62234,Conchy-sur-Canche,62,2.192149708626425,50.29373715563362,
62365,Galametz,62,2.129933574376205,50.326444416538955,
62890,Willeman,62,2.16257190367194,50.359386748321974,
62127,Bezinghem,62,1.8517990203826336,50.59850617989282,
62078,Balinghem,62,1.939385992314038,50.86036400950624,
62189,Bus,62,2.963457783515243,50.06386385996874,
62499,Lépine,62,1.7283726293722321,50.38532622201844,
62572,Metz-en-Couture,62,3.06305648360898,50.062439279186,
62612,Neuvireuil,62,2.914510314557394,50.35304889356319,
62385,Grand-Rullecourt,62,2.47473171499647,50.25409677996678,
62518,Linzeux,62,2.2020369612362085,50.342663590781264,
62465,Humbercamps,62,2.57414084147824,50.187646407818775,
62433,Héricourt,62,2.2500914972313626,50.33813355291918,
62843,Verchin,62,2.1799638659870775,50.49382637810408,
62436,Herlin-le-Sec,62,2.332753023174255,50.35349196494241,
62391,Guarbecque,62,2.49019608755621,50.607280793416685,
59135,Cassel,59,2.4939961809460676,50.79568064059091,
62346,Fortel-en-Artois,62,2.229822064384483,50.25757197596461,
62694,Rebreuve-sur-Canche,62,2.341001379495478,50.26693699607305,
62639,Oppy,62,2.8885956584198134,50.3475710719299,
59629,Vred,59,3.231793826117872,50.394458626006525,
62790,Senlis,62,2.1470028175552778,50.53448876704662,
62185,Bullecourt,62,2.9293358717709594,50.19241058931009,
62562,Matringhem,62,2.1678586402087383,50.54526565097872,
62485,Laires,62,2.256278032066205,50.538608868890016,
59168,Cysoing,59,3.2140146649742456,50.56464246347109,
62257,Créquy,62,2.037958933344875,50.502694633481916,
59463,Pitgam,59,2.34057688721657,50.93020288513141,
62469,Inchy-en-Artois,62,3.039304043986509,50.17456263133346,
59240,Floursies,59,3.971379209745808,50.1865474188594,
59665,Wylder,59,2.4874109813279843,50.911535177308444,
62871,Wambercourt,62,2.0234750104914663,50.43398129530592,
62883,Wavrans-sur-Ternoise,62,2.285313625766314,50.40933897159889,
59066,Bérelles,59,4.104611959390967,50.21374036789458,
62828,Tramecourt,62,2.151568597641839,50.46976452414417,
59184,Ebblinghem,59,2.418784398548393,50.73429980895293,
62722,Rougefay,62,2.1694414249830394,50.27557675040194,
62010,Affringues,62,2.0748403104512665,50.69027326861951,
62660,Plouvain,62,2.9198151917768436,50.30551142880022,
59442,Obrechies,59,4.037064771722864,50.2224996543825,
62322,Famechon,62,2.458679131057222,50.143368368613736,
59573,Solrinnes,59,4.073307169779326,50.20230610413367,
62370,Gennes-Ivergny,62,2.063522615519827,50.27460550025111,
62526,Longueville,62,1.8799312720339796,50.72858383128465,
62537,Magnicourt-sur-Canche,62,2.411362553829771,50.300009816782186,
62125,Beuvrequen,62,1.673959097502762,50.7989329176047,
62084,Barly,62,2.5385662632266164,50.24852740366955,
59587,Terdeghem,59,2.554464631599478,50.798142045208024,
62012,Agnières,62,2.608249909576586,50.353760440328365,
62682,Quilen,62,1.9332981713317046,50.529274341223704,
62101,Beauvois,62,2.2335473010577496,50.37396086933791,
62388,Grigny,62,2.064188174257969,50.38213476081438,
62467,Humerœuille,62,2.2100618006933406,50.4088800450664,
62541,Maisoncelle,62,2.148076626521982,50.45033004982421,
59391,Mastaing,59,3.298092884319537,50.306900827147956,
62428,Hénin-sur-Cojeul,62,2.838969041432345,50.218358812257605,
59024,Auberchicourt,59,3.227863768208331,50.330052985604254,
59054,Bavinchove,59,2.4404323130307852,50.774756964141744,
62665,Le Ponchel,62,2.0852596676083537,50.25707384453752,
62597,Moyenneville,62,2.771795561353993,50.17970984294433,
62887,Widehem,62,1.6596437995276896,50.58436784138866,
62426,Héninel,62,2.8715328675986895,50.2331591610359,
59371,Le Maisnil,59,2.8770009105129977,50.61799578443869,
62584,Mont-Bernanchon,62,2.5976776007799,50.58922961088532,
62027,Ambrines,62,2.4663923390663576,50.30800547634233,
62026,Ambricourt,62,2.171340537780546,50.465979027469274,
62182,Buire-au-Bois,62,2.1526049185531924,50.262989599882864,
59409,Monchecourt,59,3.2104605976110485,50.30637936933491,
62845,Verlincthun,62,1.6915209447125654,50.62871659075037,
59408,Moncheaux,59,3.0881903521986094,50.457042993217385,
62358,Fresnoy-en-Gohelle,62,2.896115706963441,50.36813516095393,
62693,Rebreuve-Ranchicourt,62,2.5486537918843966,50.431857425468955,
59208,Escobecques,59,2.932999577308016,50.621632379061225,
59625,Villers-Plouich,59,3.136002775903536,50.078935379164385,
59617,Vieux-Mesnil,59,3.870663376763003,50.26010747176172,
59575,Sommaing,59,3.4947390075313804,50.26632190810507,
59253,Fresnes-sur-Escaut,59,3.579622348086441,50.43224456539138,
59566,Sequedin,59,2.9818472378576195,50.62490379698007,
62782,Saudemont,62,3.0310295155053444,50.23896612482882,
59536,Sainte-Marie-Cappel,59,2.5158269293451236,50.78020264285733,
62085,Basseux,62,2.647034827265022,50.2294439580863,
62264,Dannes,62,1.6062566972088534,50.59291080349838,
62794,Setques,62,2.156333671902167,50.71433272335675,
62446,Hesdigneul-lès-Boulogne,62,1.6770524640539806,50.65282583577153,
59531,Saint-Benin,59,3.5322489933040817,50.07639845559826,
59126,Cantin,59,3.1242064489052948,50.30996895150501,
59148,Clairfayts,59,4.124565985730809,50.156633740856826,
59110,Brouckerque,59,2.287170972938079,50.95134319151422,
59389,Masnières,59,3.20201053918595,50.1048137807917,
59465,Pommereuil,59,3.587158835880258,50.11754495817659,
62442,Hernicourt,62,2.3067837638229505,50.41473500803052,
62389,Grincourt-lès-Pas,62,2.4887919828298957,50.17705148750667,
62092,Beaufort-Blavincourt,62,2.4864268262052938,50.27560851303251,
59231,Ferrière-la-Petite,59,4.027217807380219,50.240284751992505,
62337,Flers,62,2.2540478252178975,50.3210237946069,
59556,Sassegnies,59,3.7976385670455866,50.179044516250926,
62047,Aubrometz,62,2.1753213205722473,50.30289381175131,
62329,Ferques,62,1.7684293079541342,50.82881720527911,
62053,Audincthun,62,2.127008837276177,50.57872243945296,
62713,Robecq,62,2.550095853276738,50.59427767883742,
59370,Mairieux,59,3.973672750191231,50.313990547631725,
62681,Quiestède,62,2.3292869983783815,50.68037749526897,
62611,Neuville-Vitasse,62,2.8191520721899077,50.24727423847879,
59277,Gussignies,59,3.7498026865900487,50.34116251858132,
59490,Rainsars,59,3.997244506060735,50.07026575730594,
62473,Isbergues,62,2.4559131908240976,50.616403886062315,
62808,Teneur,62,2.219640280269092,50.4524011856311,
62313,Estrée-Blanche,62,2.321430866591165,50.5930284188105,
62307,Escalles,62,1.7205560979199928,50.911642005968346,
59658,Wicres,59,2.8682547903671853,50.56911241032531,
59078,Beugnies,59,3.9954514129741456,50.16336223653797,
62173,Brebières,62,3.019900865058473,50.33809346384678,
62615,Nielles-lès-Calais,62,1.833362082456014,50.9072994808487,
62787,Sempy,62,1.8779490969120873,50.495992876355764,
62298,Épinoy,62,3.1592322973881144,50.231014699811624,
62475,Ivergny,62,2.379886183138202,50.23790262506475,
62727,Ruitz,62,2.5915518873605974,50.46624532337034,
62846,Vermelles,62,2.757188757372717,50.48669205698054,
62735,Sailly-Labourse,62,2.7026748090589785,50.50142248113906,
62789,Senlecques,62,1.9365969797979776,50.649919922255,
59176,Doignies,59,3.0137904794737156,50.132169793723584,
59660,Willems,59,3.22947053040348,50.63071387710973,
59215,Estreux,59,3.6016815416183245,50.35247315486697,
62740,Sains-lès-Pernes,62,2.349016772120343,50.47918392925112,
62554,Maresville,62,1.7318966431833445,50.52371932078829,
62090,Béalencourt,62,2.1249620776819804,50.436311093884655,
62118,Béthonsart,62,2.5433821152057687,50.38240554798738,
62407,Ham-en-Artois,62,2.4534060067668237,50.5915299663491,
62231,Colline-Beaumont,62,1.6741716752094093,50.34311099985405,
62826,Le Touquet-Paris-Plage,62,1.5987732789804776,50.508874225464716,
62184,Buissy,62,3.030422536428477,50.20103748698609,
59595,Thun-Saint-Martin,59,3.3034494760811883,50.218663020938756,
59001,Abancourt,59,3.2081450219329284,50.23702041816007,
62286,Ecquedecques,62,2.441688226033985,50.56036089187375,
62297,Éperlecques,62,2.1601744513235563,50.81846501391832,
59611,Verlinghem,59,3.0003683904666487,50.68240637354475,
62641,Ostreville,62,2.3976825893251195,50.39466917275963,
62081,Baralle,62,3.056710947088601,50.21380687084041,
62049,Auchy-au-Bois,62,2.3730346281937944,50.55072653476623,
59204,Escarmain,59,3.5487436937724826,50.22373435219317,
62054,Audinghen,62,1.608053999917292,50.85186409451854,
62409,Hannescamps,62,2.6426837636149223,50.161613097614605,
59192,Émerchicourt,59,3.254943419386701,50.31177041407424,
59249,Fourmies,59,4.058050251966846,50.00684592063951,
62218,Caucourt,62,2.572377176184114,50.394549741740185,
62111,Berlencourt-le-Cauroy,62,2.4227581861937377,50.273516545914724,
59264,Gognies-Chaussée,59,3.942102569287393,50.327215824981835,
59452,Ostricourt,59,3.0331249446676725,50.45721996010831,
59349,Ligny-en-Cambrésis,59,3.377973324601054,50.1026881739964,
59185,Écaillon,59,3.2154287615437553,50.348532737590766,
59647,Watten,59,2.2258465192157235,50.8346412115748,
59364,Louvil,59,3.1896315437011924,50.55636634055706,
59075,Béthencourt,59,3.423280563316104,50.143031965745735,
59351,Limont-Fontaine,59,3.922116308948928,50.2147810692703,
59413,Montigny-en-Cambrésis,59,3.4143816296872247,50.091386016152335,
62259,Croisilles,62,2.8809245297137314,50.198490769637246,
62836,Vaudricourt,62,2.6192249465649926,50.50000869817265,
59560,Seclin,59,3.035049990464201,50.54656710824379,
62362,Frévillers,62,2.5248171492114198,50.40102465838972,
62209,Canlers,62,2.1469713544449465,50.48633316236013,
59282,Hardifort,59,2.4812302343587196,50.81859194333031,
59628,Volckerinckhove,59,2.2975659883063395,50.839893285108715,
62126,Beuvry,62,2.691178399196377,50.5327818468849,
62079,Bancourt,62,2.8898295912200047,50.10120721169652,
62565,Mencas,62,2.1442880001237143,50.557007008501316,
62695,Rebreuviette,62,2.3636498049003007,50.25803978335017,
62577,Monchel-sur-Canche,62,2.2187419598758447,50.30381948167181,
62037,Anzin-Saint-Aubin,62,2.7404074084197476,50.31811240415022,
62666,Pont-à-Vendin,62,2.8874606593285668,50.475794027160106,
59151,Colleret,59,4.08454819422561,50.259965392059904,
62477,Izel-lès-Hameau,62,2.5315118226702884,50.314044192744745,
62228,Clerques,62,1.98425368846803,50.79422144876285,
59639,Wargnies-le-Grand,59,3.658160734646859,50.307211187472866,
62721,Roquetoire,62,2.3385818680611843,50.66591620043497,
59481,Le Quesnoy,59,3.6240185436087526,50.25058760215165,
59072,Bersillies,59,3.9962474496339113,50.32482004798689,
59321,Inchy,59,3.470680165002435,50.12162657623096,
62117,Bertincourt,62,2.9813541234416765,50.08733768311799,
59049,Bantouzelle,59,3.224703937308572,50.05876387151905,
62514,Ligny-Saint-Flochel,62,2.423063207645477,50.35884972275424,
62755,Saint-Léonard,62,1.6218695983415303,50.695397290848085,
59107,Bray-Dunes,59,2.5271052625890045,51.07297113147718,
62744,Sainte-Catherine,62,2.7616600675087164,50.31412173736144,
59332,Lannoy,59,3.210301652429513,50.66619921388866,
59033,Aulnoye-Aymeries,59,3.8319588132119953,50.205850349153586,
62056,Audresselles,62,1.6110599529657794,50.82927109122777,
62149,Boisdinghem,62,2.094349198309711,50.74895815090828,
62659,Planques,62,2.089216362740604,50.465572407613195,
59594,Thun-Saint-Amand,59,3.4483482324458357,50.48477870493527,
62680,Quiéry-la-Motte,62,2.9834411967045016,50.36614774665151,
62689,Ransart,62,2.67705341299702,50.20532030187401,
59620,Villers-au-Tertre,59,3.176218052428164,50.30207737788656,
59565,Sepmeries,59,3.560563525568689,50.27715690200129,
59055,Bazuel,59,3.5954825423234515,50.08195646400355,
59287,Haucourt-en-Cambrésis,59,3.342901572403517,50.107141443600476,
62349,Fouquereuil,62,2.6002223913169336,50.520976689771594,
62424,Hendecourt-lès-Cagnicourt,62,2.9491019333356316,50.21479553992252,
59462,Phalempin,59,3.022453273400379,50.51340628757485,
59434,Nivelle,59,3.4607331486199793,50.46815980880794,
62332,Ficheux,62,2.7460344051326775,50.225705210058834,
62048,Auchel,62,2.4685823208450506,50.51030831289745,
59177,Dompierre-sur-Helpe,59,3.859575132124376,50.14138198885877,
62105,Belle-et-Houllefort,62,1.7662645629233689,50.747455856751266,
59564,La Sentinelle,59,3.4754482606084363,50.34865076169878,
59221,Famars,59,3.5211639918824735,50.31214700303767,
62901,Wittes,62,2.3866332515992057,50.6716545515306,
62247,Coupelle-Vieille,62,2.0770265230945144,50.532747946105296,
62515,Ligny-Thilloy,62,2.8246250600714258,50.07963990136593,
59356,Lompret,59,2.9952575642475385,50.66404305287912,
59116,Bry,59,3.6832138134758146,50.316602740691124,
62350,Fouquières-lès-Béthune,62,2.6127384824848883,50.512386163952144,
59489,Raimbeaucourt,59,3.1023496719062402,50.436443767636376,
59263,Gœulzin,59,3.098808587644912,50.318633355233494,
59229,Féron,59,4.01938202170648,50.04798607378351,
59423,Neuf-Berquin,59,2.6650182049169393,50.665435001548,
59178,Douai,59,3.0908587301544928,50.381769541336936,
59105,Bouvignies,59,3.2367513075193384,50.43244738166141,
62472,Inxent,62,1.7878867410195003,50.53635836942698,
59275,Gruson,59,3.215763273667233,50.59218011616505,
59507,Ronchin,59,3.092431147431366,50.60484229019976,
62363,Frévin-Capelle,62,2.6364541870123097,50.35130941387477,
59668,Zuydcoote,59,2.486605136353963,51.063685837426036,
59640,Wargnies-le-Petit,59,3.6839009835747936,50.29875678729123,
62788,Seninghem,62,2.0281314015649343,50.69871366506363,
62614,Nielles-lès-Ardres,62,2.0068604926622546,50.84877719451105,
59405,Mœuvres,59,3.0678148627866277,50.159986026892014,
62320,Étrun,62,2.6838223201043863,50.31693649068674,
59340,Leffrinckoucke,59,2.4541787157554045,51.04786121080745,
59093,Boulogne-sur-Helpe,59,3.8926629457242727,50.079475474574096,
59416,Morbecque,59,2.536067049596083,50.6767333767896,
59453,Oudezeele,59,2.510146022855151,50.839880135163384,
59304,Herrin,59,2.963118092587958,50.54935771546864,
59354,Loffre,59,3.172934689907874,50.35401147529221,
62133,Billy-Montigny,62,2.90831415257153,50.415491396503,
62194,Calonne-Ricouart,62,2.4861416677265047,50.489683301035214,
62795,Sibiville,62,2.3309109459353983,50.30475198892914,
59064,Bellaing,59,3.4257205059387736,50.36533211550078,
62364,Fruges,62,2.123491691391505,50.51275550267168,
62158,Boubers-sur-Canche,62,2.2370846124879677,50.29127851217952,
62422,Hébuterne,62,2.6457804705354504,50.11793625503075,
62863,Violaines,62,2.7801266189696414,50.53824981303727,
59274,La Groise,59,3.6810326117958696,50.07606776074769,
62039,Arleux-en-Gohelle,62,2.868665484646341,50.3649179039518,
59649,Wattignies-la-Victoire,59,4.002641736491914,50.20042474632386,
62113,Berles-Monchel,62,2.5258109108641755,50.3446730807955,
62408,Hames-Boucres,62,1.8491501366814627,50.884864850138015,
59134,Cartignies,59,3.8429516991840647,50.078148949042195,
59599,Tourcoing,59,3.1596674814005365,50.725816013676315,
62393,Guemps,62,1.9971508893474508,50.91789701135289,
62647,Le Parcq,62,2.085552915758268,50.382247499734774,
62715,Rocquigny,62,2.9248396580351472,50.05568722619339,
62050,Auchy-lès-Hesdin,62,2.0955097278344526,50.40886424772767,
59002,Abscon,59,3.2979543204210997,50.32767254043957,
62624,Noyelles-Godault,62,2.9935557140511033,50.417776340832376,
59458,Péronne-en-Mélantois,59,3.170612561084881,50.56428593490721,
62323,Fampoux,62,2.871449657960764,50.299729183787065,
59365,Louvroil,59,3.954218783299931,50.25839808593326,
59157,Cousolre,59,4.153328663033035,50.23701623231175,
62201,Camiers,62,1.6124101742244232,50.5642005963101,
62413,Harnes,62,2.9036046585329567,50.45199891056981,
62815,Tigny-Noyelle,62,1.7079889780144764,50.3554342910377,
59457,Pérenchies,59,2.9687317765988057,50.6700959641286,
62858,Villers-lès-Cagnicourt,62,3.0100375135982995,50.22517394936888,
62434,La Herlière,62,2.5588509058154028,50.19893479916004,
62607,Neuville-au-Cornet,62,2.3686459745459456,50.334726984370285,
62223,Chérisy,62,2.9124772020273957,50.233663851212654,
59554,Sars-et-Rosières,59,3.3303566670316482,50.44665523544833,
62840,Vélu,62,2.9754898842786153,50.101083620331025,
59023,Aubencheul-au-Bac,59,3.161332667570372,50.2514513649856,
62702,Remilly-Wirquin,62,2.1750183744514833,50.67010478381968,
62152,Boisleux-Saint-Marc,62,2.796087757115516,50.21389570517572,
62437,Herly,62,1.9899849013717126,50.54136764284631,
62466,Humbert,62,1.910516303533349,50.50071087999147,
59450,Ors,59,3.6306633786086393,50.10535281587913,
62403,Hallines,62,2.208570048546449,50.7013003165961,
62372,Givenchy-le-Noble,62,2.491621278928621,50.30001339662324,
62616,Nœux-lès-Auxi,62,2.1813611840631184,50.24036472711144,
59654,Waziers,59,3.112162379836497,50.38512180961585,
59096,Bourghelles,59,3.2468264829687903,50.563544769181824,
62820,Tincques,62,2.493578648419499,50.35980731522291,
59469,Pradelles,59,2.603400566157952,50.73419804802639,
62568,Mercatel,62,2.7875139531096775,50.23507170805233,
59193,Emmerin,59,3.005131896828725,50.591060594685636,
62588,Montreuil-sur-Mer,62,1.7718760742659532,50.46552823514496,
62606,Neuve-Chapelle,62,2.779440624729534,50.585603355000124,
59045,Baives,59,4.203941003028884,50.06661524187101,
62021,Alette,62,1.8502250091934986,50.52393062113413,
59562,Sémeries,59,3.9880793194361144,50.105064759331505,
59360,Loos,59,3.02009166761725,50.608849278338425,
62487,Landrethun-le-Nord,62,1.7789988055073351,50.84976688840529,
59484,Quiévrechain,59,3.659684687077134,50.39255633964355,
59571,Solesmes,59,3.5195559228017843,50.172174357270514,
62330,Festubert,62,2.736089662785034,50.5445791984347,
62662,Polincove,62,2.108764219094063,50.86181930734035,
59614,Viesly,59,3.4566617645358706,50.1572572961765,
59103,Boussières-sur-Sambre,59,3.8781360389495774,50.24105329105174,
59519,Rumegies,59,3.352657771457358,50.49216711967269,
59018,Arnèke,59,2.418386563711023,50.840876313559434,
62073,Bailleul-Sir-Berthoult,62,2.8442144470526363,50.33576900422012,
62803,Surques,62,1.9236320869421237,50.74342824380915,
62237,Conteville-lès-Boulogne,62,1.7304418511351627,50.74422472236293,
59598,Toufflers,59,3.2326164018569683,50.660778613586245,
62331,Feuchy,62,2.848667741617514,50.284575281119906,
59632,Wallers,59,3.393712288416306,50.381179878621616,
62418,Hauteville,62,2.568905249121805,50.27188926491819,
62406,Hamelincourt,62,2.8025319224251226,50.183467262282946,
59511,Rosult,59,3.3628629548415923,50.45230509809804,
62360,Fréthun,62,1.815863734049875,50.91165657703663,
62414,Haucourt,62,2.9689546686166426,50.23702760633766,
62675,Quercamps,62,2.045550885131293,50.75210403255706,
62354,Frencq,62,1.6893177928640757,50.56158212800559,
59613,Vicq,59,3.608222473193679,50.41388380805003,
62430,Hénu,62,2.5319720640826113,50.156406335003695,
62629,Noyellette,62,2.591911873836862,50.29788499893445,
59219,Estrun,59,3.2943218014164195,50.2443043567396,
62242,Couin,62,2.5338551279363073,50.13287948105821,
62578,Monchiet,62,2.623076669275249,50.238304376427905,
62535,La Madelaine-sous-Montreuil,62,1.7484764717703534,50.46592323544183,
62170,Bouvigny-Boyeffles,62,2.6732500141178774,50.42313881715186,
59289,Haussy,59,3.4791920812621138,50.22250114683208,
59627,Villers-Sire-Nicole,59,4.014057688435743,50.34047799322495,
59374,Marbaix,59,3.837079299244268,50.12732534078666,
62632,Oblinghem,62,2.59361481665391,50.550914365467,
59115,Brunémont,59,3.1443842803402506,50.274240372491306,
59119,Buysscheure,59,2.3362469081834596,50.80658184365849,
59052,Bauvin,59,2.893228297799293,50.51585345248485,
62036,Anvin,62,2.2574616710620763,50.45017941692411,
59655,Wemaers-Cappel,59,2.4418324149083177,50.814477181267385,
59179,Douchy-les-Mines,59,3.3895161604222523,50.29957153179534,
59642,Warlaing,59,3.323816945614091,50.409390059394816,
62705,Rety,62,1.7853787031758899,50.79343599530953,
62673,Quéant,62,2.985034438841591,50.177247364148215,
59652,Wavrechain-sous-Faulx,59,3.2824928615872335,50.27122621996228,
59386,Marquette-lez-Lille,59,3.059177865191348,50.67413316174509,
62630,Noyelle-Vion,62,2.546783535703507,50.29160247165953,
62564,Mazinghem,62,2.4131450130181498,50.60498418744053,
62798,Sombrin,62,2.505223425880664,50.237746479574895,
59547,Saint-Vaast-en-Cambrésis,59,3.4348470841021297,50.194280372252855,
59218,Étrœungt,59,3.9434693397383858,50.06210179074795,
62877,Warlincourt-lès-Pas,62,2.5066617479041886,50.18451464356878,
59637,Wandignies-Hamage,59,3.3235709962299875,50.39710388869145,
62155,Bonningues-lès-Ardres,62,2.0216366562889254,50.77612273945465,
62617,Nœux-les-Mines,62,2.662631144113969,50.474941593000715,
59307,Holque,59,2.2046963641726047,50.855962947770195,
62886,Wicquinghem,62,1.950643919125235,50.57268850341092,
62333,Fiefs,62,2.3211098271039794,50.50014035976004,
62454,Hinges,62,2.62955002621081,50.5712042102155,
59447,Onnaing,59,3.5966080357811427,50.38601521721243,
62865,Vitry-en-Artois,62,2.980512487448582,50.32579534288171,
59225,Feignies,59,3.9091726047881252,50.29498860978502,
62042,Athies,62,2.841584504632162,50.307511982125305,
62274,Dourges,62,2.986435930628497,50.43941159132618,
62115,Berneville,62,2.6731272358291474,50.26396448432328,
62827,Tournehem-sur-la-Hem,62,2.0477116205936152,50.791477056217566,
62272,Douchy-lès-Ayette,62,2.7104771836701107,50.17581142403116,
59497,Renescure,59,2.378447329786953,50.735445135174395,
62292,Elnes,62,2.1152243771404122,50.68574722151967,
62874,Wanquetin,62,2.613942905134584,50.272279728199365,
62646,Palluel,62,3.0959065309024885,50.264138269488704,
59132,Carnières,59,3.3454304470092673,50.16528125735083,
59128,Capinghem,59,2.9645267983827446,50.6470755440858,
59379,Marcq-en-Ostrevent,59,3.234913521973261,50.28794688434026,
59059,Beaumont-en-Cambrésis,59,3.4516927170277216,50.12726660948162,
62872,Wamin,62,2.0618423880879413,50.41527352732238,
59558,Saulzoir,59,3.439449205123608,50.24281750276191,
62850,Vieil-Hesdin,62,2.113086395644211,50.36334620323735,
59664,Wulverdinghe,59,2.2529084341872476,50.82867741596748,
62266,Denier,62,2.4469643197480337,50.290646820592514,
62653,Pernes-lès-Boulogne,62,1.6974484196716824,50.74874137138384,
62770,Saint-Venant,62,2.5254641498963744,50.622860628574905,
62580,Monchy-Breton,62,2.43626660066561,50.398237293755656,
62859,Villers-l'Hôpital,62,2.209947613987245,50.22893167775323,
59280,Hamel,59,3.0679743414694602,50.28254998414809,
62733,Sailly-au-Bois,62,2.598900608004094,50.12160159063022,
62450,Hestrus,62,2.3291916061415283,50.44969143749264,
59479,Quarouble,59,3.62774037896618,50.402573894861156,
62448,Hesdin-l'Abbé,62,1.68804493688007,50.66958232762501,
59602,Tressin,59,3.188515298034728,50.617366482281334,
62573,Meurchin,62,2.8947834603444607,50.4940134760897,
62150,Boisjean,62,1.7810418864936748,50.408753768360654,
62416,Hautecloque,62,2.31634646464075,50.33408866262145,
62546,Maninghen-Henne,62,1.671973545153594,50.7695331196394,
62852,Vieille-Église,62,2.076310424940799,50.933478333977476,
59016,Armbouts-Cappel,59,2.3481629058262112,50.98208760528695,
59099,Bousies,59,3.615226251435551,50.15190955927755,
62219,Caumont,62,2.031562197311353,50.293501394866716,
62896,Wirwignes,62,1.7680226149189462,50.685150827751045,
62375,Gommecourt,62,2.6535705671588095,50.137486105386685,
62480,Labourse,62,2.6831697970748847,50.49284800275749,
62265,Delettes,62,2.217511453320208,50.62245761171514,
62591,Morchies,62,2.956036957336792,50.137974950342944,
59319,Hoymille,59,2.456152096534508,50.97306415723247,
62188,Burbure,62,2.4624964172362906,50.53277772228776,
59471,Préseau,59,3.572497526552563,50.31075777488974,
62249,Courcelles-lès-Lens,62,3.015354103340742,50.41473268249768,
62029,Amettes,62,2.3943732985274826,50.52710953560894,
62892,Willerval,62,2.8485196270771387,50.36246251067842,
62386,Grenay,62,2.7454783091863213,50.45043187934304,
62533,Lugy,62,2.173644532701822,50.521375494843326,
59526,Saint-Amand-les-Eaux,59,3.4440019287131896,50.44037438236791,
59120,Caëstre,59,2.606320148752277,50.756781524061886,
59082,Bierne,59,2.4013712147278867,50.971072898793004,
59608,Vendegies-sur-Écaillon,59,3.5088403547365283,50.2604389237576,
59622,Villers-en-Cauchies,59,3.394383168626583,50.226117917746585,
62312,Estrée,62,1.8035126343137293,50.4957177911398,
62818,Tilly-Capelle,62,2.1869700385135578,50.44427570400894,
62745,Saint-Denœux,62,1.9093802000902942,50.4777026635007,
59440,Noyelles-sur-Selle,59,3.3818274596792737,50.27887928561977,
62576,Moncheaux-lès-Frévent,62,2.3634249000312884,50.314473486680335,
62319,Éterpigny,62,2.9808397509637854,50.25552213158901,
62195,Calonne-sur-la-Lys,62,2.6094919832322483,50.61339839801111,
62635,Offin,62,1.9525819482717424,50.44166288795177,
62492,Lebiez,62,1.9779776983120008,50.459491000597815,
62071,Bailleul-lès-Pernes,62,2.3796707899282117,50.50786330387278,
59350,Lille,59,3.046989028385651,50.63185841216623,
62759,Saint-Martin-Choquel,62,1.8873382425659984,50.668398664283735,
59053,Bavay,59,3.8027580025241963,50.293418574564384,
62128,Biache-Saint-Vaast,62,2.9409731945555975,50.31550322452379,
62069,Azincourt,62,2.1170683312399876,50.4586638376201,
59538,Saint-Momelin,59,2.2423154221333372,50.812236362190916,
59402,Millam,59,2.2512413993692886,50.85589848470154,
62023,Allouagne,62,2.5051569200985195,50.53221335386138,
59670,Don,59,2.9155789204615234,50.54451999969633,
62495,Ledinghem,62,1.9735568422342613,50.645043797548226,
62215,Carvin,62,2.948666202281073,50.48940271569241,
62710,Rimboval,62,1.9894543232659283,50.515178463437834,
62369,Gavrelle,62,2.885733935116325,50.32673671975696,
59586,Templeuve-en-Pévèle,59,3.1733866252573875,50.532535123435075,
59430,Neuvilly,59,3.509780969874486,50.134949929387304,
59117,Bugnicourt,59,3.1548436265869717,50.290503819740564,
62280,Dury,62,3.003638348495898,50.24765809901364,
59100,Bousignies,59,3.3557133638565633,50.42978643474485,
59039,Awoingt,59,3.2859818468189954,50.153823772721736,
59606,Valenciennes,59,3.5161785002976185,50.35910273646569,
62241,Cormont,62,1.7438120318912222,50.56420214514432,
62112,Berles-au-Bois,62,2.630321212257488,50.19962644664686,
62881,Beauvoir-Wavans,62,2.165131233347361,50.215981669242616,
62505,Leulinghen-Bernes,62,1.7141104905005282,50.83671819286976,
59483,Quiévelon,59,4.068364260627422,50.23514286858129,
62180,Brias,62,2.3847090474510595,50.41170152435468,
62833,Vacquerie-le-Boucq,62,2.2088898498198235,50.269915607407,
62460,Hubersent,62,1.7384110870817286,50.582691541871434,
59426,Neuville-en-Ferrain,59,3.159206888336285,50.75279919351635,
59480,Quérénaing,59,3.5079217199959984,50.284597838556095,
59582,Strazeele,59,2.6196644970848935,50.72398532053067,
62769,Saint-Tricat,62,1.8278145346302987,50.89293174955414,
59615,Vieux-Berquin,59,2.6197097127353404,50.69357209405635,
62631,Nuncq-Hautecôte,62,2.286529267557335,50.307362147884184,
59559,Sebourg,59,3.645148959899651,50.344196331126156,
62359,Fressin,62,2.0523771204902714,50.448755827035384,
62289,Écuires,62,1.7671519515098257,50.43733135374175,
59609,Vendeville,59,3.0805040134844757,50.57307567649444,
59432,Niergnies,59,3.256098939522075,50.14182328893143,
62395,Guigny,62,1.9945279028662546,50.32798185599125,
59436,Noordpeene,59,2.3668232724521316,50.79457017435907,
59546,Saint-Sylvestre-Cappel,59,2.5505994656247117,50.77620452287139,
59603,Trith-Saint-Léger,59,3.4859376073638586,50.33072023498416,
59466,Pont-à-Marcq,59,3.1150570801361326,50.52154222913739,
62153,Bomy,62,2.2242205050289003,50.569412584573186,
59314,Hornaing,59,3.3359853542146016,50.36916272172416,
59121,Cagnoncles,59,3.3174647165972546,50.18515226601256,
59262,Godewaersvelde,59,2.64499971871437,50.79500535367609,
62314,Estrée-Cauchy,62,2.6117038840495996,50.399411487490916,
62063,Avesnes-le-Comte,62,2.5285172117582877,50.27192395998708,
62510,Liévin,62,2.772812843791011,50.42431688755887,
59545,Saint-Souplet,59,3.515785394707431,50.05282401799997,
59512,Roubaix,59,3.181903860487749,50.68836466781047,
62463,Hucqueliers,62,1.9163165231299235,50.568679737074824,
62714,Roclincourt,62,2.7894353378722583,50.33020792319911,
62696,Reclinghem,62,2.175431025598398,50.572616125009006,
62520,Locon,62,2.666899581112296,50.57041278488318,
59475,Prouvy,59,3.457066491445032,50.324118915906546,
62246,Coupelle-Neuve,62,2.108891647446898,50.49861855851829,
59624,Villers-Outréaux,59,3.2917481353646534,50.02960850935179,
62285,Écoust-Saint-Mein,62,2.9018907380804304,50.17418854363119,
59037,Avesnes-les-Aubert,59,3.3771461879900997,50.191249445494336,
59381,Maresches,59,3.575883600996421,50.29371643296019,
62366,Gauchin-Légal,62,2.5783415614689487,50.408604462407624,
59528,Saint-Aubert,59,3.4176793466223305,50.20730173444083,
59359,Loon-Plage,59,2.2159380608623342,51.00530336281167,
62603,Nesles,62,1.659855869867094,50.622445886613164,
59051,La Bassée,59,2.8094201716528233,50.54001654838965,
59634,Wallon-Cappel,59,2.482323573159013,50.727130778281236,
62352,Framecourt,62,2.3049252306507353,50.32363909667911,
59570,Socx,59,2.4234598808057446,50.93645379571862,
59591,Thivencelle,59,3.6281051725497373,50.44607501296051,
62161,Bouquehault,62,1.899914708889462,50.816119614836225,
62051,Auchy-les-Mines,62,2.7809282347218383,50.50606843119217,
62198,Cambligneul,62,2.6111110673548334,50.37969602506113,
59516,Rubrouck,59,2.362197906143538,50.833362540987885,
59641,Warhem,59,2.503114023707815,50.976704610348726,
59517,Les Rues-des-Vignes,59,3.2342772041903185,50.075474348255355,
59124,Camphin-en-Pévèle,59,3.258111833477809,50.59258921923469,
59474,Prisches,59,3.759417424958169,50.078126814152284,
62519,Lisbourg,62,2.2233384720466782,50.51168740659431,
62500,Lespesses,62,2.424545754533164,50.554781148187004,
59336,Lécluse,59,3.030259227427773,50.276934369435985,
62138,Blangy-sur-Ternoise,62,2.1742234851447853,50.42330327614015,
62276,Douvrin,62,2.826621250788754,50.51251241051157,
59149,Clary,59,3.3962310998741945,50.06856225801128,
59047,Banteux,59,3.188103296801614,50.06574376810977,
62810,Thélus,62,2.7993242720753795,50.35095101874667,
59326,Killem,59,2.5601529047485903,50.957812998605434,
62336,Fléchin,62,2.2814745023966188,50.55896898364829,
59228,Férin,59,3.0806835264027663,50.33114138510126,
59209,Esnes,59,3.3086003128197237,50.094688252393475,
59411,Mons-en-Pévèle,59,3.103364134367864,50.482139831617886,
62142,Blingel,62,2.1498713864126118,50.40497584259856,
59069,Bermerain,59,3.5395382948992413,50.25766302685704,
59414,Montigny-en-Ostrevent,59,3.180590605805469,50.36812991860883,
59488,Raillencourt-Sainte-Olle,59,3.1779629956877997,50.18864558752662,
62792,Serques,62,2.2033282899982054,50.79166206661248,
59348,Lieu-Saint-Amand,59,3.3491337023906147,50.272224907491946,
62041,Arras,62,2.7660517239403717,50.290017520515114,
59427,La Neuville,59,3.053647484737893,50.496790817658905,
59015,Arleux,59,3.112762091282425,50.28184702241612,
62187,Buneville,62,2.3475522237939837,50.3247572977561,
59017,Armentières,59,2.8799985973766855,50.691268262131004,
59461,Petit-Fayt,59,3.8253820524958932,50.10190904403905,
62203,Campagne-lès-Guines,62,1.8987442516725368,50.84109736082557,
59212,Estaires,59,2.7208598108073403,50.65473339409729,
59397,Merckeghem,59,2.2783142628788733,50.86971564012363,
59666,Zegerscappel,59,2.384253268647976,50.883329601976214,
62165,Bournonville,62,1.8466367144119578,50.698412120044814,
62778,Sars-le-Bois,62,2.4316295777372225,50.297127594613116,
62628,Noyelles-sous-Lens,62,2.8755493363286573,50.42887151900372,
59021,Assevent,59,4.019794786658321,50.28826542470801,
59114,Bruille-Saint-Amand,59,3.506475164815584,50.46506700623635,
62281,Echinghen,62,1.6549141128264082,50.70095850818432,
59127,Capelle,59,3.559915085391669,50.23979431727003,
59420,Moustier-en-Fagne,59,4.197331697264789,50.09133178588694,
62483,Lacres,62,1.7619488292722023,50.60312690220291,
59662,Winnezeele,59,2.5634512465436794,50.85024222955645,
59079,Beuvrages,59,3.5050600502041838,50.38879936198323,
59056,Beaucamps-Ligny,59,2.9143916370988894,50.606251427855184,
59437,Noyelles-lès-Seclin,59,3.0225586031497014,50.573027674604745,
62857,Villers-Châtel,62,2.590055477660904,50.375450092886794,
59643,Warneton,59,2.966684399095636,50.7452373222907,
59612,Vertain,59,3.5223554532547814,50.21255006544208,
62604,Neufchâtel-Hardelot,62,1.6174037428685648,50.61734034398187,
62464,Hulluch,62,2.8118550864209535,50.48479113106072,
59551,Saméon,59,3.3328124162984323,50.476122992702535,
59145,Chemy,59,2.9954510714208746,50.53214507993995,
59155,Coudekerque-Branche,59,2.394879320768503,51.01783523691821,
59363,Louvignies-Quesnoy,59,3.6402012781219932,50.216065016242105,
59553,Santes,59,2.961292333421653,50.5906152130101,
62602,Nempont-Saint-Firmin,62,1.7394522327584927,50.36179586851487,
59585,Templemars,59,3.060009209894381,50.5705048055285,
59482,Quesnoy-sur-Deûle,59,3.0071451514806737,50.71301375649486,
62022,Alincthun,62,1.8104903385854731,50.72081352304858,
62648,Parenty,62,1.8008334376851098,50.59415126819947,
62299,Eps,62,2.2962464456820553,50.45485689491162,
62038,Ardres,62,1.9838271975944262,50.87705720250133,
62107,Bénifontaine,62,2.8269645046388927,50.47568694807123,
62685,Radinghem,62,2.1170901962578923,50.54704109650981,
59429,Neuville-sur-Escaut,59,3.35133499299467,50.29069086499566,
59541,Saint-Python,59,3.4747868271814992,50.19371287021349,
59491,Raismes,59,3.48958718607435,50.410796642380916,
62288,Ecques,62,2.2893144667262266,50.67513310587206,
62692,Rebergues,62,1.95350371791162,50.75378112459986,
62547,Marant,62,1.8409838850939975,50.47099891093174,
59058,Beaufort,59,3.9652282356714132,50.218664262649355,
62015,Airon-Notre-Dame,62,1.6674801316368681,50.44135495870419,
62709,Riencourt-lès-Cagnicourt,62,2.961089377506564,50.19444509574794,
62587,Montigny-en-Gohelle,62,2.930210601619129,50.42887730080062,
59088,Bois-Grenier,59,2.8723840841616233,50.64909640318538,
62427,Hénin-Beaumont,62,2.959252250711777,50.409363628422554,
62737,Sains-en-Gohelle,62,2.6842016716552832,50.450997113976634,
62471,Bellinghem,62,2.231432977358096,50.661125648135155,
59467,Pont-sur-Sambre,59,3.845694257104606,50.231442182897105,
62869,Wailly,62,2.7239305883590577,50.24907055320777,
62196,La Calotterie,62,1.7178481344106364,50.47888294396855,
62008,Acquin-Westbécourt,62,2.077022168137649,50.729244552640765,
62326,Favreuil,62,2.8589465813394748,50.12540018852017,
62076,Bainghen,62,1.9024973740323206,50.75075835222871,
62831,Troisvaux,62,2.3438430557533816,50.41073403756595,
62270,Divion,62,2.504493176366587,50.46981069972274,
62373,Givenchy-lès-la-Bassée,62,2.760487776260326,50.53197845010602,
59222,Faumont,59,3.135232637234806,50.45356510106528,
62013,Agny,62,2.760614723576159,50.25297296261735,
62661,Bouin-Plumoison,62,1.981151892687218,50.376385185318036,
62608,Neuville-Bourjonval,62,3.024517591329105,50.06795941951617,
62758,Saint-Martin-Boulogne,62,1.6473484363577349,50.723609489299726,
62888,Wierre-au-Bois,62,1.7683900379913065,50.650965708468306,
62190,Busnes,62,2.513922111935763,50.58878292607506,
59156,Courchelettes,59,3.0597451984755346,50.342822867868044,
62212,Capelle-lès-Hesdin,62,1.991172293332306,50.34731979035567,
59169,Damousies,59,4.008031845218931,50.219889169518645,
62453,Hézecques,62,2.1914334415293175,50.53403523637523,
59259,Ghissignies,59,3.6172098188675053,50.22787315663109,
62791,Séricourt,62,2.312355072461542,50.29560436534126,
59569,Sin-le-Noble,59,3.1203534217917355,50.36765931033372,
59327,Lallaing,59,3.1687405998147473,50.38640354890847,
62796,Simencourt,62,2.633774646477041,50.254482475210565,
62525,Longuenesse,62,2.24559252858289,50.73577287525541,
62273,Doudeauville,62,1.8314807762386214,50.62432679953625,
59600,Tourmignies,59,3.084943806501661,50.50400892605418,
59071,Bersée,59,3.1509802420567468,50.48054868360901,
59061,Beaurepaire-sur-Sambre,59,3.7969305164638647,50.0603552182885,
62164,Bourlon,62,3.1210529094066075,50.180849984411225,
62402,Halinghen,62,1.6825909673364348,50.604332027842446,
62590,Monts-en-Ternois,62,2.387211949373096,50.32093054209526,
62804,Sus-Saint-Léger,62,2.4342352382924313,50.23967021970525,
59323,Jenlain,59,3.630370896818287,50.30996028702502,
59607,Vendegies-au-Bois,59,3.5783828980232495,50.178231334337944,
62765,Saint-Omer,62,2.263579173820006,50.76768557289382,
62094,Beaumerie-Saint-Martin,62,1.7964271512272003,50.446303014283856,
62700,Regnauville,62,2.002043633967827,50.316689521164406,
62005,Achiet-le-Grand,62,2.7789515014521924,50.1327484153444,
62086,Bavincourt,62,2.5644701455140035,50.22361891771515,
59098,Bousbecque,59,3.074777559372178,50.763554201590374,
62493,Lebucquière,62,2.9565308420069827,50.10966362916732,
62508,Lières,62,2.409110268031109,50.5494426705481,
59139,Caudry,59,3.4187596311637583,50.119153354457545,
62277,Drocourt,62,2.933275495429655,50.39007889450908,
59284,Hasnon,59,3.387477670293048,50.41324574700035,
62325,Fauquembergues,62,2.100781752347207,50.5934802622918,
62093,Beaulencourt,62,2.8698444972787747,50.07282046645217,
62387,Grévillers,62,2.798227507714012,50.10199317431158,
59616,Vieux-Condé,59,3.5661998997945665,50.47364690607581,
62718,Rœux,62,2.8994615495277496,50.30210363879736,
62697,Récourt,62,3.0281987500102487,50.257971130227936,
62031,Andres,62,1.9187921798292638,50.86630473240631,
59118,Busigny,59,3.4666295758093337,50.037777860279405,
59230,Ferrière-la-Grande,59,3.9911996175394626,50.245872515925235,
62449,Hesmond,62,1.9422352025884917,50.46373208875486,
62899,Wissant,62,1.6836710933985297,50.888557517151646,
62589,Mont-Saint-Éloi,62,2.6901407971369182,50.35011270600724,
62368,Gaudiempré,62,2.528734362897782,50.17520826221289,
59008,Aniche,59,3.255840905070937,50.330759882830634,
59659,Wignehies,59,4.007127765105365,50.01219771712544,
62670,Preures,62,1.8821240806200152,50.573048878731925,
62741,Saint-Amand,62,2.5610299040577504,50.16982531798743,
62177,Brimeux,62,1.8355725414617385,50.43577451690958,
62776,Sapignies,62,2.8368398693543986,50.13183207111043,
62059,Autingues,62,1.9863037657523617,50.84190632272808,
62213,Carency,62,2.6994771869292764,50.37878761945654,
62075,Baincthun,62,1.7129707704609562,50.70176493258818,
59605,Uxem,59,2.4915591264717176,51.02415288226563,
59425,Neuville-en-Avesnois,59,3.5786998597688933,50.1995446313202,
59443,Ochtezeele,59,2.3998540509003687,50.81911599295889,
62255,Crémarest,62,1.789090770010924,50.70042466089835,
62033,Annay,62,2.8816250984365457,50.461418341539726,
62558,Marquay,62,2.4214709251127395,50.380637313663016,
62055,Audrehem,62,1.984650114280044,50.772192234066154,
62738,Sains-lès-Fressin,62,2.0496251392987124,50.47247176648637,
59383,Marly,59,3.5494470266611913,50.34543891821499,
59342,Lez-Fontaine,59,4.0632776163524245,50.173521405450124,
59252,Frelinghien,59,2.9515572183292123,50.70296192482316,
62582,Monchy-le-Preux,62,2.895136034915972,50.267893359427894,
62003,Acheville,62,2.882477437678641,50.38460420135504,
62300,Équihen-Plage,62,1.576293680625443,50.67873127613392,
59143,La Chapelle-d'Armentières,59,2.8954937141751653,50.66585651786717,
62620,Norrent-Fontes,62,2.4099407190714377,50.58802622522884,
59663,Wormhout,59,2.478672079743278,50.87792399921654,
62425,Hendecourt-lès-Ransart,62,2.730728492420773,50.20818385766977,
62496,Lefaux,62,1.6538794819261544,50.54624074723283,
59025,Aubers,59,2.819850231270864,50.595959217915116,
59092,Bouchain,59,3.3118634584005737,50.28140918778029,
62860,Villers-Sir-Simon,62,2.491225198992741,50.31558559807801,
62222,Chériennes,62,2.0340886160936673,50.31134542928299,
62626,Noyelles-lès-Vermelles,62,2.7291618269194298,50.49103641646938,
62379,Gouy-en-Artois,62,2.590587016228515,50.24270748586444,
62870,Wailly-Beaucamp,62,1.7302906511187346,50.40766283342999,
59022,Attiches,59,3.062129521631543,50.51335913690063,
62598,Muncq-Nieurlet,62,2.118020009194677,50.839498164378654,
62679,Questrecques,62,1.7455829700795369,50.66532359254551,
62439,Hermelinghen,62,1.8615870123341223,50.804426447303854,
62243,Coullemont,62,2.481629689840833,50.21878789047511,
62124,Beutin,62,1.7269687229478972,50.49708636790685,
62207,Campigneulles-les-Petites,62,1.7364539660439868,50.44032755885614,
59003,Aibes,59,4.096309742783763,50.23409155159563,
62703,Rémy,62,2.9586756508231415,50.257105874133586,
59084,Blaringhem,59,2.4087070170143448,50.690019575853576,
62848,Verquin,62,2.6430316693222817,50.501318314204454,
62064,Avesnes-lès-Bapaume,62,2.8331161815129526,50.104326537599434,
62621,Nortkerque,62,2.0336835727088953,50.878339278380714,
62497,Leforest,62,3.0584722315306396,50.44013984958166,
59268,La Gorgue,59,2.7394862615231235,50.63122288798508,
59213,Estourmel,59,3.3214893833196415,50.1522394733953,
59285,Haspres,59,3.4109831521047553,50.26494964507421,
62757,Saint-Martin-lez-Tatinghem,62,2.216885057436208,50.749939803572346,
62711,Rinxent,62,1.7401833242203342,50.80742809532681,
59068,Berlaimont,59,3.7934949262984574,50.20593769366358,
62668,Prédefin,62,2.259132236327329,50.505529294596805,
62383,Gouy-sous-Bellonne,62,3.0583355908667067,50.31435278795186,
62309,Esquerdes,62,2.1791395344996407,50.70070624071204,
62030,Amplier,62,2.3971802564819398,50.137233195321194,
59159,Craywick,59,2.221741994036276,50.97261479749012,
62269,Diéval,62,2.4482584578658635,50.436686785071586,
59646,Wasquehal,59,3.1279268725770413,50.675133662073435,
59518,Ruesnes,59,3.5817177355084,50.26375294591587,
59473,Preux-au-Sart,59,3.699422831279314,50.28882720678532,
59315,Houdain-lez-Bavay,59,3.786602319613726,50.32947563187406,
62523,Loison-sous-Lens,62,2.858578005208307,50.44429791459093,
59590,Thiennes,59,2.4764139185404344,50.6508181321269,
59523,Sainghin-en-Mélantois,59,3.1632706540053106,50.58779024358338,
62415,Haute-Avesnes,62,2.6348790232670085,50.329495699160105,
62456,Houchin,62,2.6197779478934766,50.47929401922138,
59478,Quaëdypre,59,2.460224093798162,50.93829871589366,
62534,Lumbres,62,2.1170342261682618,50.70471384073803,
62404,Halloy,62,2.4246873095660297,50.16122174832218,
62443,Hersin-Coupigny,62,2.6426632362021794,50.44528644522062,
59648,Wattignies,59,3.041489068458711,50.58626042621633,
62839,Vaulx-Vraucourt,62,2.904445352682155,50.14412073268674,
59433,Nieurlet,59,2.28050014943177,50.794887195408684,
59406,Monceau-Saint-Waast,59,3.856682613475848,50.1709733311013,
62760,Saint-Martin-d'Hardinghem,62,2.1044339449316247,50.61143210607358,
62507,Liencourt,62,2.448379096417085,50.27365774151178,
59387,Marquette-en-Ostrevant,59,3.2707399705045392,50.292270839384436,
62633,Œuf-en-Ternois,62,2.2113072594282195,50.36304431115906,
62613,Nielles-lès-Bléquin,62,2.0302734804374536,50.6753870213209,
62304,Erny-Saint-Julien,62,2.25184607205318,50.5841093876898,
62183,Buire-le-Sec,62,1.823812976339599,50.393456247005396,
59514,Rousies,59,3.999136832627158,50.27151648825635,
62634,Offekerque,62,2.0205806992592965,50.93159064392666,
59345,Lewarde,59,3.168477241439708,50.33703231781918,
59279,Halluin,59,3.1264767314288715,50.77476035802647,
62347,Fosseux,62,2.5651820692374208,50.25455322547064,
62045,Aubigny-en-Artois,62,2.586614649904665,50.34803285076276,
59515,Rouvignies,59,3.441140412150225,50.33378462676928,
59009,Villeneuve-d'Ascq,59,3.153122219455319,50.63246271229862,
59631,Walincourt-Selvigny,59,3.3393797539994727,50.07363258179379,
62302,Ergny,62,1.9744763233328626,50.588899917985884,
59299,Hem,59,3.1928085252962233,50.65518122747593,
59254,Fressain,59,3.1919725706502486,50.28324177325161,
62856,Villers-Brûlin,62,2.529244620725838,50.37267100458827,
62832,Tubersent,62,1.6993558460219103,50.52154544763135,
62371,Givenchy-en-Gohelle,62,2.777512239412957,50.39232854577115,
59271,Grande-Synthe,59,2.2906688170805123,51.016837133292924,
62674,Quelmes,62,2.126811906942003,50.73402604364346,
62601,Nédonchel,62,2.354604545767747,50.526318842858736,
59638,Wannehain,59,3.269401208267241,50.57127764031172,
59130,Cappelle-Brouck,59,2.221732587352684,50.89410733347367,
59086,Boeschepe,59,2.698869415448481,50.79921590540653,
62539,Maisnil,62,2.357840625266866,50.347145426485206,
62706,Richebourg,62,2.7467264804125047,50.57934835686818,
62025,Ambleteuse,62,1.6212178451883752,50.81185716398744,
62762,Saint-Michel-sous-Bois,62,1.9373316842228088,50.51799950127183,
59398,Mérignies,59,3.1220505923715507,50.50703650671891,
59399,Merris,59,2.657333151780791,50.717950080028146,
62729,Rumilly,62,2.018363767211557,50.579818901535994,
62470,Incourt,62,2.1503076482849934,50.38729450058731,
62043,Les Attaques,62,1.93652907692099,50.89986522213132,
59087,Boëseghem,59,2.4424563233697234,50.66946128277292,
62438,Hermaville,62,2.583973959410747,50.32493151874694,
62451,Heuchin,62,2.270629522221435,50.48112125304436,
62441,Hermin,62,2.5527777791516013,50.41406971633601,
62154,Bonnières,62,2.273954463750418,50.23518842616431,
62531,Louches,62,1.999823112714546,50.82642614620055,
59247,Forest-sur-Marque,59,3.1883994742096915,50.632961711454286,
62324,Farbus,62,2.8261833024189063,50.36012381643282,
59281,Hantay,59,2.868545334539012,50.537969226761895,
59203,Erre,59,3.3161136575888577,50.3700476037499,
59258,Genech,59,3.222127361288813,50.528642910453996,
62908,La Capelle-lès-Boulogne,62,1.715104576409384,50.7311846038965,
62754,Saint-Léger,62,2.8517942879597062,50.18356500143965,
59199,Erchin,59,3.1731455327924944,50.316614621538285,
59202,Erquinghem-Lys,59,2.840527831996302,50.6703472322555,
62824,Tortefontaine,62,1.9142965488273798,50.33584833522644,
62348,Foufflin-Ricametz,62,2.3869462784318634,50.35019105691067,
59073,Berthen,59,2.688010287995817,50.77756675545679,
59438,Noyelles-sur-Escaut,59,3.1763467037537816,50.13764117361816,
62793,Servins,62,2.635779595678851,50.4077562002659,
59392,Maubeuge,59,3.963224815789966,50.28425959579219,
59270,Grand-Fayt,59,3.795461231511922,50.1127552823986,
62253,Couturelle,62,2.499428571190244,50.206843951256694,
62801,Souchez,62,2.7433980530794746,50.38868839832409,
59477,Provin,59,2.9113491097719537,50.51315239038518,
59014,Anzin,59,3.5109811246722678,50.37530288854158,
59138,Cattenières,59,3.3362617817169715,50.13311189292461,
62204,Campagne-lès-Hesdin,62,1.8673983020472884,50.40092758761837,
62538,Maintenay,62,1.8157920552554285,50.37041545795681,
62905,Zudausques,62,2.1599855414910505,50.75265686700524,
59160,Crespin,59,3.651818435576931,50.42178580550164,
59368,La Madeleine,59,3.069976288974544,50.65441134073666,
59007,Anhiers,59,3.1554473526098734,50.404066713528174,
59529,Saint-Aubin,59,3.911893539204974,50.170335197890125,
59500,Ribécourt-la-Tour,59,3.132040597995444,50.10383833715348,
62583,Mondicourt,62,2.4668243652038053,50.174675640598075,
59150,Cobrieux,59,3.239811103210251,50.53915888273588,
59572,Solre-le-Château,59,4.096152827042981,50.17168870892989,
62116,Bernieulles,62,1.7723896567477242,50.5545212630093,
59011,Annœullin,59,2.9274120372980277,50.52608347927329,
62749,Saint-Georges,62,2.0731155700914683,50.35183917175809,
59395,Mazinghien,59,3.5965252628519284,50.05005236556692,
62070,Bailleul-aux-Cornailles,62,2.4483075362223246,50.3731386197564,
62186,Bully-les-Mines,62,2.7192902536254144,50.44538084772971,
62529,Lorgies,62,2.7975380365836306,50.56646845981762,
62599,Nabringhen,62,1.861327096530585,50.74156907254413,
62557,Marœuil,62,2.710989363352661,50.33083599501616,
62753,Saint-Laurent-Blangy,62,2.81167502653473,50.308369253129015,
59089,Bollezeele,59,2.341268753975817,50.86517002274823,
62527,Longvilliers,62,1.743109228095876,50.53571280152685,
59382,Maretz,59,3.420016701373299,50.04502961352681,
62400,Haillicourt,62,2.578573477233039,50.47529532338707,
62001,Ablain-Saint-Nazaire,62,2.69756875159015,50.39673221866191,
59164,Croix-Caluyau,59,3.5851527423316636,50.15205265207999,
62779,Sarton,62,2.4302144800324794,50.10881469641034,
62657,Pihen-lès-Guînes,62,1.7910875607736956,50.87177724653477,
62151,Boisleux-au-Mont,62,2.7776811302116644,50.212240805791076,
59041,Bachant,59,3.8753981038140823,50.20788875702238,
59295,Hazebrouck,59,2.5385680821971843,50.72608914210011,
59029,Auchy-lez-Orchies,59,3.195198413600166,50.480709346097086,
62345,Fontaine-l'Étalon,62,2.0670448680659033,50.30319877523497,
59337,Lederzeele,59,2.293523179653642,50.8134259818607,
62585,Montcavrel,62,1.815688208899676,50.51951582145138,
59448,Oost-Cappel,59,2.5896161682602794,50.92955601493498,
62077,Bajus,62,2.4721143064785984,50.42079923557602,
59650,Wattrelos,59,3.2166734545715148,50.705540925775395,
59196,Ennetières-en-Weppes,59,2.9325386754948193,50.64039178492514,
62139,Blendecques,62,2.275008996489515,50.71588903338594,
62339,Fleury,62,2.2529391092271163,50.423732182428026,
59146,Chéreng,59,3.209592279282277,50.61086419986525,
62655,Pierremont,62,2.2558404842397546,50.39915927710451,
62062,Avesnes,62,1.9630086520054266,50.551602880637425,
62109,Bergueneuse,62,2.249656249952864,50.466404203175294,
59188,Écuélin,59,3.8968293523039583,50.19234308076793,
62244,Coulogne,62,1.8865579024957206,50.91696378028948,
62894,Wimille,62,1.642020605152259,50.76470863822624,
59441,Obies,59,3.776615361790667,50.26883524386712,
59257,Fromelles,59,2.8539683555953927,50.61097793646551,
59226,Felleries,59,4.0508537189995355,50.140614320194,
62239,Coquelles,62,1.8148224916610856,50.92912949522113,
62734,Sailly-en-Ostrevent,62,2.990112103734221,50.287404830001066,
62083,Barlin,62,2.615153728463424,50.456728568753455,
59410,Mons-en-Barœul,59,3.1081672439416255,50.64326683671839,
62676,Quernes,62,2.36774511720803,50.60279806305819,
62669,Pressy,62,2.3899119757121685,50.4740184659824,
62491,Laventie,62,2.7836600921346375,50.61243769245265,
59459,Petite-Forêt,59,3.4763671432584626,50.37520337317852,
59318,Houtkerque,59,2.5822994854978014,50.8822084692107,
62698,Recques-sur-Course,62,1.77850409621009,50.5180149565538,
62167,Boursin,62,1.8254641019879077,50.77011485174013,
59210,Esquelbecq,59,2.4291647618930963,50.890510030655925,
59485,Quiévy,59,3.42239860959205,50.16304905096355,
62544,Manin,62,2.5079672828893558,50.29679636425253,
62823,Torcy,62,2.02083360203942,50.485276602506204,
59555,Sars-Poteries,59,4.044382711336542,50.16179205918704,
62751,Saint-Inglevert,62,1.74345620921539,50.871233294110176,
59123,Camphin-en-Carembault,59,2.991654444071995,50.51062597071502,
62211,Capelle-Fermont,62,2.618295327525947,50.34610291329382,
62106,Bellonne,62,3.0424487209644333,50.30082147059272,
59190,Élesmes,59,4.011376246844564,50.304391086818335,
62334,Fiennes,62,1.8302266152853295,50.824150105447906,
59227,Fenain,59,3.3000013454233605,50.36725878968116,
59444,Odomez,59,3.539480787903906,50.448148107123494,
62774,Sangatte,62,1.7699998148170724,50.94151695337195,
59320,Illies,59,2.8284302010776456,50.56267825533041,
62382,Gouy-Saint-André,62,1.909203918348482,50.374184987878444,
62489,Lapugnoy,62,2.5320413306985543,50.51870764494563,
59296,Hecq,59,3.6516317699876915,50.18000323355718,
59256,Fretin,59,3.1320151483026493,50.5657565544065,
59542,Saint-Remy-Chaussée,59,3.878651880362617,50.180038377566596,
59297,Hélesmes,59,3.3583958502285833,50.36781018306862,
62220,Cavron-Saint-Martin,62,2.0036713512618025,50.42054163056125,
62303,Érin,62,2.2191181636416717,50.430697316713996,
62783,Saulchoy,62,1.8506981164605745,50.35428689732225,
59269,Gouzeaucourt,59,3.1162002735157257,50.0560111815538,
62344,Fontaine-lès-Hermans,62,2.337790987837377,50.5274361295622,
59543,Saint-Remy-du-Nord,59,3.9019179268167696,50.227947294222034,
59035,Avesnelles,59,3.9512923380449774,50.10600236234707,
59317,Houplines,59,2.926447210449667,50.68396016516638,
62813,La Thieuloye,62,2.432849274184288,50.41347811654879,
62166,Bours,62,2.407499742712657,50.44926849282356,
62498,Lens,62,2.8212313188306237,50.437645283497204,
62672,Puisieux,62,2.687975078846095,50.106624508067206,
59161,Crèvecœur-sur-l'Escaut,59,3.2688299386126887,50.07294331862649,
62258,Croisette,62,2.263952843997031,50.35434973034104,
62748,Saint-Folquin,62,2.1257716192200014,50.937611733951485,
59305,Herzeele,59,2.529663092759078,50.881132858207394,
62131,Bihucourt,62,2.8008692531205366,50.12720649413546,
62067,Avroult,62,2.1450710917846365,50.63192022187609,
62381,Gouy-en-Ternois,62,2.4111947534182065,50.32277105488165,
62701,Rely,62,2.361289851389794,50.575798108068376,
59111,Broxeele,59,2.320660693321406,50.82860599812985,
62800,Souastre,62,2.5697794351346523,50.149085675408536,
62229,Cléty,62,2.1818209992973654,50.653380098134576,
62163,Bouret-sur-Canche,62,2.32335964295996,50.26817032124099,
62571,Merlimont,62,1.6076497365361553,50.45283477315963,
59191,Élincourt,59,3.3708293834697303,50.04565567409597,
59494,Raucourt-au-Bois,59,3.6562810231994964,50.20712055241865,
62435,Herlincourt,62,2.2916539969331535,50.34452717077586,
62009,Adinfer,62,2.705668834715335,50.19358813762769,
62130,Bienvillers-au-Bois,62,2.608843510890209,50.16576655267758,
62502,Lestrem,62,2.678458108901312,50.61237355763205,
62766,Saint-Omer-Capelle,62,2.100827211274296,50.9456530178183,
62377,Gosnay,62,2.587052063151279,50.5085715294733,
62444,Hervelinghen,62,1.7189650367640872,50.88415810679834,
62068,Ayette,62,2.7322870281591607,50.169688033581394,
62570,Méricourt,62,2.868500929268747,50.399528812501764,
59080,Beuvry-la-Forêt,59,3.282592179640931,50.4499662827981,
59180,Le Doulieu,59,2.699095379962944,50.68006211976679,
62476,Izel-lès-Équerchin,62,2.9456201503236827,50.36263373077712,
62885,Westrehem,62,2.3433248922197265,50.54492936983049,
62484,Lagnicourt-Marcel,62,2.9565121144240156,50.15611792756046,
59062,Beaurieux,59,4.136979925939756,50.17810348376224,
59344,Leval,59,3.8339319281879196,50.18061169805492,
59005,Allennes-les-Marais,59,2.948280431995617,50.54144751976142,
59388,Marquillies,59,2.868990154853195,50.55060555511837,
59214,Estrées,59,3.07541800326235,50.29771229116913,
62560,Marquise,62,1.7000219010339246,50.81267163120503,
62306,Ervillers,62,2.826089077044827,50.16462746205625,
62282,Éclimeux,62,2.1808093304371634,50.396234772670006,
62550,Marconnelle,62,2.0070414135041035,50.36949627298583,
59544,Saint-Saulve,59,3.5662873989808177,50.37545446197972,
62103,Béhagnies,62,2.8275352848496267,50.14194851389975,
62378,Gouves,62,2.643468068572264,50.29673073424767,
59113,Bruille-lez-Marchiennes,59,3.2437118604792152,50.356057991336506,
62335,Fillièvres,62,2.161573877429987,50.31709261201404,
62121,Beugnâtre,62,2.8761955649989464,50.13203230610511,
59278,Hallennes-lez-Haubourdin,59,2.954690516228823,50.61191875318464,
62618,Nordausques,62,2.084994441853286,50.81383731257104,
59396,Mecquignies,59,3.802679626578542,50.27055506721364,
62567,Mentque-Nortbécourt,62,2.090895219843558,50.772771123276506,
59361,Lourches,59,3.3579518775770234,50.311448727311294,
62206,Campigneulles-les-Grandes,62,1.7064632533750388,50.43170862265283,
62488,Landrethun-lès-Ardres,62,1.9663490903681384,50.816193206673745,
62311,Estevelles,62,2.9078635767225323,50.47984724729849,
62140,Bléquin,62,1.9716771075867727,50.6647202877065,
62566,Menneville,62,1.861758463945585,50.67415274204951,
62060,Auxi-le-Château,62,2.117052383724656,50.230867272537196,
62123,Beussent,62,1.8145042873188089,50.5574288870806,
62841,Vendin-lès-Béthune,62,2.606738632212326,50.546087827899626,
59046,Bambecque,59,2.560562607108589,50.908979520286465,
59331,Landrecies,59,3.6888805524820847,50.120161227816354,
62830,Trescault,62,3.0970990477088978,50.09058303263228,
62521,La Loge,62,2.0343275656667057,50.40861167578464,
62327,Febvin-Palfart,62,2.3026573144947,50.53354450359079,
62867,Wacquinghen,62,1.6689725395665262,50.781104103759,
62809,Ternas,62,2.3979493412916626,50.339651605732335,
59198,Eppe-Sauvage,59,4.165332290947278,50.11850061266474,
62866,Waben,62,1.650298668554242,50.382150524820766,
59322,Iwuy,59,3.336377048012605,50.233550588124004,
59393,Maulde,59,3.4250362117634534,50.49494538125793,
59312,Honnecourt-sur-Escaut,59,3.2024419930458174,50.034290665783935,
62548,Marck,62,1.949647756792592,50.954296399247525,
62654,Peuplingues,62,1.7595917591617851,50.9142804874614,
62004,Achicourt,62,2.755766744332921,50.272273615978385,
62708,Riencourt-lès-Bapaume,62,2.8813018397231582,50.087912010038224,
62440,Hermies,62,3.0371108894490924,50.10972646181173,
62814,Thièvres,62,2.447214766319806,50.13201583662433,
59635,Wambaix,59,3.3090467637419825,50.12792529344906,
62351,Fouquières-lès-Lens,62,2.9050615677934384,50.429324349071884,
62251,Courset,62,1.852140951443337,50.644538117594514,
62775,Sanghen,62,1.8923491757492983,50.7730873806221,
62897,Wismes,62,2.079598756061404,50.660982413877406,
59424,Neuf-Mesnil,59,3.9083325936691726,50.265612395079145,
59042,Bachy,59,3.268423614433337,50.54345643633539,
62343,Fontaine-lès-Croisilles,62,2.9050453696675214,50.21606863879609,
59122,Cambrai,59,3.2421360943752333,50.17028855910021,
59656,Wervicq-Sud,59,3.051099426549408,50.761796833721554,
59445,Ohain,59,4.126098376142552,50.037064427150035,
62224,Chocques,62,2.562211006245277,50.54082584840271,
59347,Liessies,59,4.077428185864602,50.104556103628205,
62122,Beugny,62,2.932682390476267,50.1188578369901,
62868,Wail,62,2.1188015637014166,50.33809201952799,
62821,Tingry,62,1.722383587559084,50.61110784951844,
59486,Râches,59,3.1370075733365885,50.42015612701862,
62627,Noyelles-sous-Bellonne,62,3.021159603271741,50.30920396822528,
59108,Briastre,59,3.486751073026839,50.155127286793046,
62217,Cauchy-à-la-Tour,62,2.4494569885777344,50.50489769973466,
59217,Eth,59,3.665531783921919,50.32497373660764,
59535,Saint-Jans-Cappel,59,2.722711794675601,50.76868527266682,
59174,Dimechaux,59,4.047102850735229,50.196621849530246,
62102,Bécourt,62,1.9026276701828193,50.639749687728184,
62405,Hamblain-les-Prés,62,2.958271975237872,50.291615114835786,
59013,Anstaing,59,3.189115703106699,50.6036350056514,
62310,Essars,62,2.662409181995466,50.54868153572839,
62764,Saint-Nicolas,62,2.7849623276637625,50.3083320046418,
59534,Saint-Hilaire-sur-Helpe,59,3.900242080385403,50.13747811944195,
59091,Borre,59,2.581195971288205,50.731958999296964,
62878,Warlus,62,2.664362104702862,50.27907312162635,
62644,Ouve-Wirquin,62,2.1434546825871887,50.65307838535113,
62609,Neuville-Saint-Vaast,62,2.7544323815702967,50.358572779751704,
62256,Crépy,62,2.203832408361405,50.47278647714966,
62817,Tilloy-lès-Mofflaines,62,2.821265745186384,50.27735619137196,
59661,Willies,59,4.1036751971855665,50.12104632240997,
62315,Estréelles,62,1.7790904957024978,50.50140537942833,
59498,Reumont,59,3.479287605911646,50.085324237950424,
62730,Ruminghem,62,2.1671498213680565,50.85621889213527,
59378,Marcq-en-Barœul,59,3.1011287846521403,50.675589727482425,
59147,Choisies,59,4.047446140908008,50.212185735602645,
62119,Béthune,62,2.643017369389466,50.52905446117388,
59584,Taisnières-sur-Hon,59,3.8505720237441605,50.321015505388104,
62691,Saint-Augustin,62,2.281319989002754,50.64887456670966,
59102,Boussières-en-Cambrésis,59,3.3720544852030003,50.16414698324591,
62097,Beaumetz-lès-Loges,62,2.6591217780150873,50.24570520022973,
62074,Bailleulval,62,2.6263716956914465,50.22248334003486,
59567,Séranvillers-Forenville,59,3.2775841745723553,50.127016859390906,
59206,Escaudœuvres,59,3.2744296956587933,50.192479753893885,
59422,Naves,59,3.317889902833861,50.20280924946409,
59266,Gondecourt,59,2.980050051253044,50.54775827600938,
59377,Marcoing,59,3.173204178818919,50.11406516606214,
62089,Bazinghen,62,1.6584466716402186,50.83135644924335,
62835,Valhuon,62,2.3838148169494557,50.43426402454328,
62137,Blangerval-Blangermont,62,2.2220840648838442,50.324985927058194,
62175,Brévillers,62,2.0209843462700277,50.347370536656385,
59181,Dourlers,59,3.945065347617394,50.17498177669176,
59532,Saint-Georges-sur-l'Aa,59,2.1567062443718763,50.96673876336868,
62032,Angres,62,2.7519256249048216,50.410125868241295,
62261,Cucq,62,1.6135609551929395,50.48637386997368,
62837,Vaudringhem,62,2.024541307617252,50.653954514404624,
62091,Beaudricourt,62,2.4071992170794707,50.251495243393876,
59407,Monchaux-sur-Écaillon,59,3.4581555150482255,50.28376521877535,
59657,West-Cappel,59,2.5090410691232963,50.92567617125409,
62459,Houvin-Houvigneul,62,2.3773300907695014,50.29609114985079,
59197,Ennevelin,59,3.1278065147816383,50.539122108561884,
62162,Bourecq,62,2.4355304457922613,50.577384283777356,
62072,Bailleulmont,62,2.6049795885399174,50.21116037022354,
62233,Conchil-le-Temple,62,1.6751573846645798,50.36779620707975,
59415,Montrécourt,59,3.4465329372689806,50.22667825445108,
62552,Maresquel-Ecquemicourt,62,1.9344553678996708,50.400072479205924,
59293,Haverskerque,59,2.5470891035074756,50.64030319785013,
59288,Haulchin,59,3.422709282542639,50.31375959258985,
62746,Saint-Étienne-au-Mont,62,1.6022621995779815,50.66500912313281,
62016,Airon-Saint-Vaast,62,1.6713774877564032,50.42756180933737,
59010,Anneux,59,3.12596681029964,50.156660370030934,
62429,Henneveux,62,1.846179253366174,50.725793177427434,
62279,Duisans,62,2.6956979205353813,50.301464582501026,
59195,Englos,59,2.9565302546436287,50.62625429897735,
62781,Sauchy-Lestrée,62,3.116238032746936,50.2201929524749,
59205,Escaudain,59,3.34101515839419,50.333668476128665,
59501,Rieulay,59,3.265210472288993,50.387410537420976,
59400,Merville,59,2.635637572208529,50.645386606889566,
62291,Éleu-dit-Leauwette,62,2.8111496040490715,50.41878479882613,
62236,Contes,62,1.9609813218825929,50.416735268372086,
62468,Humières,62,2.2077763412919102,50.38496493667731,
62088,Bayenghem-lès-Seninghem,62,2.0760175560541976,50.705009786811964,
59234,Flers-en-Escrebieux,59,3.0512381869950587,50.40139419928958,
62880,Le Wast,62,1.799352702402606,50.75039892105354,
62768,Saint-Rémy-au-Bois,62,1.8685250092535783,50.367685748945185,
59487,Radinghem-en-Weppes,59,2.897971961561739,50.62848830976612,
62376,Gonnehem,62,2.5671621668896267,50.56463727838067,
59144,Château-l'Abbaye,59,3.474977641912137,50.48592241044311,
62761,Saint-Martin-sur-Cojeul,62,2.851678526112325,50.22880046794799,
62767,Saint-Pol-sur-Ternoise,62,2.3500276239708784,50.38850444408988,
62356,Fresnicourt-le-Dolmen,62,2.6038695001632663,50.42474887681017,
62825,Tortequesne,62,3.0321083844080907,50.290901860260945,
59038,Avesnes-le-Sec,59,3.37110197545529,50.24839921135985,
59521,Sailly-lez-Cambrai,59,3.1794704000538316,50.19848005907046,
59077,Bettrechies,59,3.740222329964656,50.322145117877334,
62909,Ytres,62,2.9959606422616614,50.065129902763275,
62114,Bermicourt,62,2.2332535391917263,50.40768057701812,
62530,Lottinghen,62,1.936397083367473,50.67750896548126,
62278,Drouvin-le-Marais,62,2.6330859307899748,50.48978249610908,
59232,La Flamengrie,59,3.7215985598367465,50.30774677921551,
62861,Vimy,62,2.811223662734881,50.37804259151292,
59623,Villers-Guislain,59,3.152009617433427,50.03596719866664,
59165,Cuincy,59,3.0340442424716496,50.37406206578534,
62864,Vis-en-Artois,62,2.9359591603808908,50.24535217038544,
59302,Hérin,59,3.4485132248597434,50.35827567764283,
62819,Tilques,62,2.200636199567472,50.77232861528796,
59290,Haut-Lieu,59,3.9073656730827553,50.10347428166817,
59065,Bellignies,59,3.7633074766519607,50.32242033246032,
62230,Colembert,62,1.8269485488304482,50.749401654209926,
59506,Romeries,59,3.5431637583627382,50.19712619138012,
62432,Herbinghen,62,1.8973534103082743,50.76343193343019,
59513,Roucourt,59,3.146381095541433,50.327887306676715,
62650,Pelves,62,2.9178636531906537,50.28689149671601,
62192,Cagnicourt,62,2.994439753756383,50.208154836266424,
59081,Bévillers,59,3.390481553115905,50.158136192239866,
62829,Le Transloy,62,2.8922494037136905,50.0504212653284,
62656,Pihem,62,2.212247638930371,50.67594655073271,
59223,Le Favril,59,3.719977216810127,50.0942606076784,
59610,Verchain-Maugré,59,3.461812570373802,50.266170443230266,
59593,Thun-l'Évêque,59,3.2812542926274118,50.225231433964765,
59366,Lynde,59,2.434647239170075,50.71869452241516,
59243,Fontaine-au-Pire,59,3.3665502332026422,50.12781279471433,
62822,Tollent,62,2.0143574616860294,50.277785423183175,
59568,Sercus,59,2.4514425119452365,50.70827959118702,
62132,Billy-Berclau,62,2.8668813226937715,50.51985122114769,
62652,Pernes,62,2.4030068939555846,50.48717795453622,
62838,Vaulx,62,2.1042596165515626,50.27099785421832,
62316,Estrée-Wamin,62,2.3946097677191416,50.26914051837829,
62057,Audruicq,62,2.0814256231318016,50.88450856525119,
62392,Guémappe,62,2.8932117146674403,50.25084711393445,
62087,Bayenghem-lès-Éperlecques,62,2.1166661327493665,50.806268829386525,
59238,Flines-lès-Mortagne,59,3.4851169842679814,50.512767815996234,
62736,Sailly-sur-la-Lys,62,2.7923056940551523,50.65358112053108,
62341,Foncquevillers,62,2.6231277606560104,50.14564559852906,
59476,Proville,59,3.2042954815216995,50.15612642342083,
59328,Lambersart,59,3.0253314440130032,50.652084696146666,
59464,Poix-du-Nord,59,3.615906023001617,50.18577980362631,
59083,Bissezeele,59,2.4067188668471533,50.91345576506217,
62100,Beaurainville,62,1.9035737968541409,50.42042032214382,
62595,Moulle,62,2.170608600823656,50.78812342859322,
62545,Maninghem,62,1.9404870596611166,50.54822361177394,
62361,Frévent,62,2.293032627556067,50.27017782783154,
62380,Gouy-Servins,62,2.6546966311509568,50.40250978309175,
62412,Hardinghen,62,1.8289545596865122,50.79688424589438,
62642,Ourton,62,2.472405607901335,50.45549383321278,
59525,Sains-du-Nord,59,4.031656863734665,50.08545368008846,
59251,Frasnoy,59,3.664878440206377,50.274524097369635,
59353,Locquignol,59,3.733239358099118,50.203175986613736,
59524,Sainghin-en-Weppes,59,2.897111254093185,50.5593706263608,
62723,Roussent,62,1.7748721307407276,50.37202225694717,
62719,Rollancourt,62,2.126594004672514,50.4110844620033,
59581,Steenwerck,59,2.769480851811312,50.68687221658688,
62540,Maisnil-lès-Ruitz,62,2.578361337970007,50.447861678760596,
62214,Carly,62,1.7110165090219094,50.655136604133254,
62317,Étaing,62,2.9982272768965927,50.27189789551131,
62640,Orville,62,2.418452380812834,50.1282166305715,
59418,Mortagne-du-Nord,59,3.4529495822531544,50.50014826955432,
62254,Coyecques,62,2.185039351590837,50.60121217886128,
62812,Thiembronne,62,2.047259915478939,50.624000031268345,
59172,Denain,59,3.389797800453086,50.330379802581525,
59492,Ramillies,59,3.2493631118897,50.20728007214827,
62842,Vendin-le-Vieil,62,2.853994315451777,50.470510791978796,
62011,Agnez-lès-Duisans,62,2.650210472712724,50.310331121652595,
62169,Bouvelinghem,62,2.0333788038891285,50.73546095584902,
62397,Guînes,62,1.8703973080487073,50.858210719272954,
62082,Barastre,62,2.9384997388173266,50.07160354462496,
59403,Millonfosse,59,3.3781268645833364,50.429665370851275,
59618,Vieux-Reng,59,4.046308222725131,50.32116660336868,
62592,Moringhem,62,2.1273494879561463,50.76312601852507,
59133,Carnin,59,2.960543897221229,50.5193046963369,
62174,Brêmes,62,1.9556149952103394,50.84762018764483,
59527,Saint-André-lez-Lille,59,3.0472858295331267,50.66040468458817,
59630,Wahagnies,59,3.029793121649312,50.483753559640704,
62452,Heuringhem,62,2.2933644879468496,50.695400469408916,
62605,Neulette,62,2.1668905646359753,50.38171199819737,
59421,Mouvaux,59,3.1366937080004686,50.7040742382855,
62384,Graincourt-lès-Havrincourt,62,3.097263060794153,50.142463011708976,
59454,Oxelaëre,59,2.469886223084816,50.78023129049844,
59451,Orsinval,59,3.6325207449337804,50.27230148752061,
62559,Marquion,62,3.0962046259405596,50.20443996329444,
62028,Ames,62,2.4155064930253456,50.53551223666557,
62232,La Comté,62,2.4996127413128035,50.426571736295166,
62494,Léchelle,62,2.9769613179155057,50.05521634671734,
59579,Steene,59,2.371734271195094,50.95344589972138,
62156,Bonningues-lès-Calais,62,1.771043251663026,50.89311346484009,
62024,Alquines,62,1.9935704897597997,50.733788592647464,
59129,Cappelle-en-Pévèle,59,3.1741236604001695,50.504696431819774,
59339,Leers,59,3.2399780975804746,50.68144771858369,
59057,Beaudignies,59,3.5853732091493518,50.22946888043466,
59372,Malincourt,59,3.3244024113658157,50.03581561413559,
62338,Fleurbaix,62,2.8304793565333397,50.63877875228463,
59357,La Longueville,59,3.8712152161407074,50.29643572683792,
59310,Hon-Hergies,59,3.820344969360778,50.3351021381576,
59537,Saint-Martin-sur-Écaillon,59,3.5170492157734428,50.240071374719406,
59012,Anor,59,4.118111246499229,49.99514621556547,
62556,Marles-sur-Canche,62,1.8196011627684126,50.46499776292645,
59283,Hargnies,59,3.841460835323657,50.25782175164106,
62785,Savy-Berlette,62,2.558176638465113,50.35439688497517,
62637,Oignies,62,2.9937800538465926,50.464761195497054,
59158,Coutiches,59,3.1942699845618523,50.44998734651085,
62018,Aix-en-Issart,62,1.8617263245587843,50.48006904496383,
62677,Le Quesnoy-en-Artois,62,2.038938119237315,50.3313258096529,
62410,Haplincourt,62,2.9374016892676615,50.09304606193118,
59592,Thumeries,59,3.063457924078356,50.47355557027193,
62248,Courcelles-le-Comte,62,2.776105137313368,50.15780086135864,
59576,Spycker,59,2.3135329318045295,50.97547643906844,
59004,Aix-en-Pévèle,59,3.305341713998024,50.497968893260406,
59645,Wasnes-au-Bac,59,3.2541307038943836,50.270014894765836,
62147,Boiry-Sainte-Rictrude,62,2.746444532654439,50.20050080193518,
62763,Saint-Michel-sur-Ternoise,62,2.3600320953255913,50.37513993633241,
62543,Mametz,62,2.30861661651218,50.62952383144755,
62240,Corbehem,62,3.0476702733436345,50.33484163691189,
62724,Rouvroy,62,2.9055049559211947,50.39892650277352,
62742,Saint-Aubin,62,1.6685050950893534,50.45419276167269,
59505,Rombies-et-Marchipont,59,3.639738136366476,50.368611215710764,
59250,Fournes-en-Weppes,59,2.8931194948937615,50.591932430310685,
59522,Sailly-lez-Lannoy,59,3.2272238542131864,50.645654112008046,
62593,Morval,62,2.8679738760765825,50.028608670804125,
59141,Cauroir,59,3.298446344592758,50.17196938937029,
62099,Beaurains,62,2.789803745360319,50.258585454983226,
59200,Eringhem,59,2.312539921968467,50.889081456707935,
59152,Comines,59,3.016811191252214,50.749920484530826,
59343,Lesquin,59,3.11220645046474,50.5895136139043,
59550,Salomé,59,2.8365189781134075,50.535956595472946,
59358,Looberghe,59,2.2751309514627365,50.91265448676344,
62581,Monchy-Cayeux,62,2.281097236279063,50.43460356390417,
62610,Neuville-sous-Montreuil,62,1.7949596579665537,50.479458029025324,
62516,Lillers,62,2.4825633217980942,50.56154886257538,
62528,Loos-en-Gohelle,62,2.7857042260361142,50.45681599709025,
62862,Vincly,62,2.178884214569801,50.55612760031008,
62191,Caffiers,62,1.8116306828570428,50.84409884382675,
62622,Nort-Leulinghem,62,2.0883437520161574,50.795970979624826,
59653,Wavrin,59,2.933086786540942,50.57251837420939,
59636,Wambrechies,59,3.047047312861548,50.69595785688302,
62002,Ablainzevelle,62,2.7411549457558952,50.15304459722479,
62851,Vieille-Chapelle,62,2.716809950167184,50.59262576246089,
62235,Condette,62,1.6391115879571558,50.649721287797476,
59367,Lys-lez-Lannoy,59,3.2170671753082916,50.6723780668772,
62462,Huclier,62,2.35469144126587,50.4365453342485,
62503,Leubringhen,62,1.7310679186856948,50.85349188281964,
62728,Rumaucourt,62,3.065721615341574,50.23766758740713,
62199,Camblain-l'Abbé,62,2.636446559707653,50.37370457013243,
62006,Achiet-le-Petit,62,2.7554382612203825,50.12589974334918,
62044,Attin,62,1.755093090054695,50.49164027979649,
59220,Faches-Thumesnil,59,3.0723323127813855,50.59410879751906,
62889,Wierre-Effroy,62,1.737758647053314,50.77213840590798,
62517,Linghem,62,2.372669823467707,50.58989765107888,
59419,Mouchin,59,3.286263934401869,50.51663292619207,
59201,Erquinghem-le-Sec,59,2.9332518661778977,50.610805615493966,
59063,Beauvois-en-Cambrésis,59,3.384636532078842,50.14045957070022,
62478,Journy,62,2.0023934571317543,50.75404076192094,
59530,Saint-Aybert,59,3.6506752870098675,50.45115775637174,
62799,Sorrus,62,1.7142567156505917,50.45636820761282,
62399,Habarcq,62,2.607050516280116,50.31139024064683,
59019,Artres,59,3.538040160687403,50.295610705307325,
59236,Flesquières,59,3.11942415130037,50.12399306085151,
62181,Bucquoy,62,2.697235078432014,50.14611741339856,
62066,Avondance,62,2.100137989154031,50.47952656977104,
59334,Lauwin-Planque,59,3.0298015429295564,50.392785130271186,
62574,Mingoval,62,2.569180238906453,50.375813636305814,
62419,Haut-Loquin,62,1.9628628717241183,50.737484442534225,
59034,Avelin,59,3.0857693007852784,50.53985374432788,
62844,Verchocq,62,2.039468133909908,50.55512557474242,
59167,Cuvillers,59,3.239066366622948,50.22216856217478,
59311,Honnechy,59,3.4804189772206193,50.06751492799124,
59309,Hondschoote,59,2.588567217741405,50.971314737303786,
62898,Wisques,62,2.1916689731969186,50.72720101374308,
62065,Avion,62,2.8271096207715867,50.404026752132026,
62802,Le Souich,62,2.3616085742574566,50.22286370617058,
62252,La Couture,62,2.699128679326513,50.57870597713285,
59186,Eccles,59,4.097581738285735,50.1984159799666,
59032,Aulnoy-lez-Valenciennes,59,3.537491499390136,50.32597825636515,
62773,Samer,62,1.7548260940200948,50.63379173811353,
59509,Roost-Warendin,59,3.1038401302827543,50.415040629041854,
59044,Baisieux,59,3.2413833322593617,50.61092914048027,
59140,Caullery,59,3.372621208243697,50.082109558552226,
59449,Orchies,59,3.239056590675477,50.46875893666741,
59153,Condé-sur-l'Escaut,59,3.605831385480965,50.467406446464366,
59074,Bertry,59,3.4398644310737554,50.08268715349133,
62148,Bois-Bernard,62,2.913888140715552,50.37734018707971,
62879,Warluzel,62,2.4680832434190765,50.23091345583123,
59076,Bettignies,59,3.9680155489960542,50.331974251240695,
62663,Pommera,62,2.442011562035729,50.16757343016987,
62771,Sallaumines,62,2.859879123131471,50.42049803149429,
62108,Berck,62,1.5822749270614092,50.4141804362017,
59244,Fontaine-Notre-Dame,59,3.1682612657319074,50.16899407791701,
59316,Houplin-Ancoisne,59,2.9946984110939328,50.569731419831726,
62080,Bapaume,62,2.856155489902518,50.100752252101906,
59352,Linselles,59,3.0741952357624793,50.735762852034135,
62014,Aire-sur-la-Lys,62,2.3955041201953957,50.644306938168896,
62216,La Cauchie,62,2.5831362384228704,50.205155981344085,
59267,Gonnelieu,59,3.15989766163944,50.059850048304675,
62390,Groffliers,62,1.6058035733080962,50.385529179144875,
59495,Recquignies,59,4.048350387081453,50.27653433593958,
62308,Escœuilles,62,1.9358008185944329,50.723294643728124,
62854,Villers-au-Bois,62,2.66447414546116,50.377872396458635,
59563,Semousies,59,3.967692840234961,50.16401004798688,
62061,Averdoingt,62,2.4439485723444383,50.344944927382,
62780,Sauchy-Cauchy,62,3.09110552302275,50.2360090530535,
62684,Racquinghem,62,2.3602704319655867,50.695633074870685,
62903,Zoteux,62,1.8874005951513595,50.614726589688004,
62678,Quesques,62,1.9418166450367291,50.7015564380289,
59224,Féchain,59,3.2120434358055316,50.2687845315502,
59241,Floyon,59,3.884281655836014,50.04126995752292,
62020,Alembon,62,1.8718096604834766,50.78068433632053,
59239,Flines-lez-Raches,59,3.1820190622566304,50.4170473923834,
62895,Wingles,62,2.857968224085067,50.49534744925127,
59470,Prémesques,59,2.948633890617346,50.660552880729156,
59131,Cappelle-la-Grande,59,2.369132678418568,50.996171521375175,
62594,Mory,62,2.8573723404234745,50.156798201375054,
62034,Annequin,62,2.7204338104652694,50.50389512436187,
62445,Hesdigneul-lès-Béthune,62,2.597032930745108,50.49669094543926,
59109,Brillon,59,3.3353578438094607,50.43386265859716,
62716,Rodelinghem,62,1.930624667381212,50.83363104503698,
59101,Bousignies-sur-Roc,59,4.187677135332744,50.26455975660235,
62891,Willencourt,62,2.0789432822847607,50.239470682295895,
59166,Curgies,59,3.6061681400670476,50.32557641168137,
62638,Oisy-le-Verger,62,3.122402658372433,50.25057598956867,
59137,Catillon-sur-Sambre,59,3.644794813858218,50.070906774467296,
62318,Étaples,62,1.6513400175607418,50.52299108155391,
59431,Nieppe,59,2.832888632630173,50.699035127407186,
59036,Avesnes-sur-Helpe,59,3.9271502015806634,50.124368351630736,
62756,Sainte-Marie-Kerque,62,2.151621689120201,50.89242414188795,
62636,Offrethun,62,1.6984486178858698,50.78622251699868,
59085,Blécourt,59,3.213455242513328,50.2173286942067,
59669,Zuytpeene,59,2.4235681271786875,50.7916019149559,
62202,Campagne-lès-Boulonnais,62,1.995407589698309,50.618596411066754,
62501,Lespinoy,62,1.8648927045891632,50.42740107998439,
62509,Liettres,62,2.339949508724053,50.59691841494736,
59026,Aubigny-au-Bac,59,3.168310992590995,50.2657331600738,
59549,Salesches,59,3.5961348919851575,50.20826942958843,
62104,Bellebrune,62,1.7776444551308035,50.732957785048704,
62423,Helfaut,62,2.250132584179136,50.691745126598796,
62555,Marles-les-Mines,62,2.505444389789463,50.502016903529146,
62058,Aumerval,62,2.40682279583872,50.50507723895429,
59557,Saultain,59,3.5793129137415107,50.3354019708338,
59233,Flaumont-Waudrechies,59,3.9698885190277524,50.13111535264762,
62569,Merck-Saint-Liévin,62,2.1076205809618562,50.63658942258817,
59286,Haubourdin,59,2.9870600246544323,50.60406392421818,
62772,Salperwick,62,2.2204725521165445,50.76901902650913,
62849,Verton,62,1.6515551497423835,50.40218085592543,
59435,Nomain,59,3.23861289906784,50.50157991992889,
62134,Bimont,62,1.909373559480808,50.541107756174746,
62688,Rang-du-Fliers,62,1.6345647811786501,50.41972714333778,
62532,Lozinghem,62,2.495115883789237,50.51705050147369,
62522,Loison-sur-Créquoise,62,1.9186365380531898,50.44544336335802,
59031,Audignies,59,3.824733898266031,50.27852521188731,
59496,Rejet-de-Beaulieu,59,3.6346281263805347,50.045830329603916,
62726,Ruisseauville,62,2.1166805173110164,50.48322887940722,
62834,Vacqueriette-Erquières,62,2.0750147072316647,50.32369273776329,
59456,Pecquencourt,59,3.219144827907172,50.376524686892814,
62367,Gauchin-Verloingt,62,2.3151878942717783,50.38992286282138,
62690,Raye-sur-Authie,62,1.9579502605765915,50.30287821621676,
59237,Flêtre,59,2.6415841237881823,50.75777843935146,
62141,Blessy,62,2.3310955634372754,50.61667525889577,
59292,Haveluy,59,3.402787843605976,50.35307569622975,
62739,Sains-lès-Marquion,62,3.0787118335822172,50.18517243187813,
62238,Conteville-en-Ternois,62,2.327327347369244,50.43276234154775,
62900,Witternesse,62,2.362693296649853,50.61406642409994,
59533,Saint-Hilaire-lez-Cambrai,59,3.4174168883644036,50.18114177952556,
62786,Selles,62,1.8893872091657524,50.69600460440456,
62144,Boiry-Becquerelle,62,2.8202015444176896,50.21383850947019,
59626,Villers-Pol,59,3.614793428607755,50.28946763316805,
62907,Libercourt,62,2.9999546015134175,50.482576066905004,
59335,Lecelles,59,3.399203308761666,50.47494373246454,
59182,Drincham,59,2.320107493512337,50.910452346653614,
59216,Eswars,59,3.2657841250583486,50.21890038486189,
62295,Enquin-lez-Guinegatte,62,2.2819305909746643,50.596609947769835,
59385,Marpent,59,4.076754418212689,50.29099914484712,
59369,Maing,59,3.4884845906770354,50.30372554465623,
59104,Boussois,59,4.047772846577468,50.295012770260264,
59394,Maurois,59,3.459350773882663,50.07348613894086,
62902,Wizernes,62,2.2291705918482765,50.71562408048946,
62200,Cambrin,62,2.7377829866254686,50.51191024058575,
59633,Wallers-en-Fagne,59,4.166445410529259,50.061295235002454,
59106,Bouvines,59,3.1926203003522273,50.58193391402113,
59265,Gommegnies,59,3.7081897597197115,50.265352055665396,
59472,Preux-au-Bois,59,3.6550820939892965,50.16524299481285,
62904,Zouafques,62,2.052895582591175,50.8231908095764,
62797,Siracourt,62,2.267768287852911,50.37067007555731,
62725,Royon,62,2.000552137906264,50.47239234548539,
62301,Équirre,62,2.2344598854213276,50.4794638187503,
62458,Houlle,62,2.164053130832042,50.79695007110149,
62267,Dennebrœucq,62,2.155752211439169,50.583650178088114,
59578,Steenbecque,59,2.4882506559422857,50.677697352663486,
59294,Haynecourt,59,3.1553622743962,50.209412337990784,
62046,Aubin-Saint-Vaast,62,1.963303511534853,50.38733900038579,
59170,Dechy,59,3.1303639946873787,50.35011075678009,
62457,Houdain,62,2.536927201914611,50.45496506361236,
62563,Mazingarbe,62,2.724917524722975,50.46862498379191,
59597,Tilloy-lez-Cambrai,59,3.214437074542369,50.200788700103104,
62227,Clenleu,62,1.8838754864085152,50.52742890258768,
62262,Cuinchy,62,2.7465402400781116,50.5190860124542,
59508,Roncq,59,3.117819987760086,50.74728237972335,
62847,Verquigneul,62,2.6622733267180188,50.50263859668574,
62816,Tilloy-lès-Hermaville,62,2.5538468442894606,50.32801425283369,
62651,Penin,62,2.4879562811468645,50.33073651578521,
62398,Guisy,62,2.0033610416870555,50.387927119082626,
59375,Marchiennes,59,3.2629844526927116,50.414338570337094,
59574,Somain,59,3.275539787408833,50.359955220418485,
59136,Le Cateau-Cambrésis,59,3.5390874838570654,50.09218653943542,
62643,Outreau,62,1.5920054654362632,50.69732752847973,
59341,Lesdain,59,3.275658249957468,50.09339319137969,
59173,Deûlémont,59,2.970123833827133,50.72835163746755,
62411,Haravesnes,62,2.1258904249018507,50.28465834455809,
59504,Rœulx,59,3.329282065853905,50.31279294560082,
62197,Camblain-Châtelain,62,2.4508682663501404,50.47708570380831,
59300,Hem-Lenglet,59,3.2270557800072375,50.252766868325175,
59446,Oisy,59,3.4334064909148356,50.35218937974319,
59619,Villereau,59,3.680984458217921,50.247691362937566,
59163,Croix,59,3.15522759226045,50.673794642117144,
62284,Écourt-Saint-Quentin,62,3.0623504516876308,50.26038647562925,
59596,Tilloy-lez-Marchiennes,59,3.3220373345009016,50.42597247580441,
59503,Robersart,59,3.6452674097210407,50.15767216755578,
62271,Dohem,62,2.1691330391106574,50.62750647229707,
62750,Saint-Hilaire-Cottes,62,2.397234022314284,50.56768931962015,
59428,Neuville-Saint-Rémy,59,3.2184099438357934,50.187275967199895,
62873,Wancourt,62,2.8551166131691215,50.255721947312495,
62506,Licques,62,1.935316231433037,50.79588297338425,
62157,Boubers-lès-Hesmond,62,1.9461219424260692,50.47879269408929,
62171,Boyaval,62,2.311653420563035,50.473024695719204,
62490,Lattre-Saint-Quentin,62,2.572101221176847,50.29767864691221,
62401,Haisnes,62,2.7970063334330084,50.501115299449594,
62019,Aix-Noulette,62,2.712567664266071,50.42109949450603,
62671,Pronville-en-Artois,62,3.0077222905227834,50.16682615136589,
62600,Nédon,62,2.3631399980956624,50.51841238728109,
59125,Cantaing-sur-Escaut,59,3.1569157525584175,50.145158542530126,
59242,Fontaine-au-Bois,59,3.643319327120346,50.13680742267765,
62683,Quœux-Haut-Maînil,62,2.1048279170570883,50.301072383626185,
62178,Bruay-la-Buissière,62,2.5522657997536213,50.48969627903251,
62172,Boyelles,62,2.820530207123258,50.19722994576749,
59346,Lezennes,59,3.11763266552377,50.61178292877487,
62179,Brunembert,62,1.887887274807928,50.71526157666374,
59162,Crochte,59,2.395441906907538,50.92372769809469,
59580,Steenvoorde,59,2.585452962338497,50.82149372033877,
62686,Ramecourt,62,2.3065014128795625,50.363618982216316,
59502,Rieux-en-Cambrésis,59,3.3527915394873262,50.20415011422453,
59601,Trélon,59,4.122675203409409,50.076093326553924,
59301,Hergnies,59,3.5312122645070825,50.48054335072377,
59090,Bondues,59,3.095641931258108,50.70992070848529,
59276,Guesnain,59,3.1476964138434993,50.34828092962558,
62052,Audembert,62,1.6903012617857185,50.85878294522902,
59043,Bailleul,59,2.7375755013288776,50.72743013344879,
62263,Dainville,62,2.7137512198629907,50.277249830616896,
59048,Bantigny,59,3.23543975084541,50.23375956774664,
59468,Potelle,59,3.6655453161649896,50.23934434205055,
59303,Herlies,59,2.8525293099789204,50.581615729688565,
59027,Aubry-du-Hainaut,59,3.452110556363943,50.37579731142472,
59401,Méteren,59,2.676969900350579,50.7483337207755,
59552,Sancourt,59,3.191263799940329,50.21499179160463,
59067,Bergues,59,2.433532722912245,50.96910368804428,
62875,Wardrecques,62,2.345313508214957,50.70573195522064,
62731,Ruyaulcourt,62,3.0168091308898264,50.08326642574706,
59539,Saint-Pierre-Brouck,59,2.1898659873465585,50.89541455592384,
62474,Isques,62,1.655644838215715,50.68206293928574,
59577,Staple,59,2.448028920770954,50.75275435979065,
62260,Croix-en-Ternois,62,2.271605398080026,50.38324584324275,
62511,Lignereuil,62,2.4708850950449857,50.2913398054566,
62176,Bréxent-Énocq,62,1.7213420541050817,50.50782208336944,
62579,Monchy-au-Bois,62,2.6586581831332547,50.17997072221879,
59060,Beaurain,59,3.5512014653848016,50.177325206350616,
59187,Éclaibes,59,3.938276728923559,50.20038198588966,
62805,Tangry,62,2.3592557965947543,50.46144569348362,
59171,Dehéries,59,3.3446779739676105,50.051056404838185,
62623,Nouvelle-Église,62,2.0452925871825305,50.932873584960504,
62340,Floringhem,62,2.42904919005924,50.49705664938704,
59588,Téteghem-Coudekerque-Village,59,2.440510883439195,51.00745294797204,
59273,Gravelines,59,2.1437859908683206,50.99825355705941,
